id,name,brand,sku,ean,category,form,price_czk,vitar,nasevitaminy,ceskevitaminy,vitar_url,nasevitaminy_url,ceskevitaminy_url,recommendation,recommendation_reason,source_count,has_conflict
prd_077f431ae3bd,Capri-Sun Dětský batoh pejsek,Capri-Sun,39005056,3900505600000,Děti,Neurčeno,499,False,True,False,,https://www.nasevitaminy.cz/capri-sun-detsky-batoh,,review,Portfolio je mimo hlavní health proposition; nutné obchodní rozhodnutí.,1,False
prd_5365d58389bd,"Capri-Sun Fairy Drink 0,2 l",Capri-Sun,40000003,4000177033487,Hydratace a nápoje,Nápoj,13.5,True,True,False,https://www.vitar.cz/capri-sun-fairy-drink-0-2-l/,https://www.nasevitaminy.cz/capri-sun-fairy-drink-0-2-l,,review,Portfolio je mimo hlavní health proposition; nutné obchodní rozhodnutí.,2,False
prd_337ac70fc800,Capri-Sun láhev,Capri-Sun,39005057,3900505700000,Hydratace a nápoje,Neurčeno,169,False,True,False,,https://www.nasevitaminy.cz/capri-sun-lahev,,review,Portfolio je mimo hlavní health proposition; nutné obchodní rozhodnutí.,1,False
prd_35a10b4bd4bc,"Capri-Sun Mango + maracuja 0,33 l",Capri-Sun,50600047,4000177172650,Hydratace a nápoje,Nápoj,31.5,True,True,False,https://www.vitar.cz/capri-sun-mango-maracuja-0-33-l/,https://www.nasevitaminy.cz/capri-sun-mango-maracuja-0-33-l,,review,Portfolio je mimo hlavní health proposition; nutné obchodní rozhodnutí.,2,False
prd_e4609a570834,"Capri-Sun Monster Alarm 0,2 l",Capri-Sun,40000142,4000177019276,Hydratace a nápoje,Nápoj,13.5,True,True,False,https://www.vitar.cz/capri-sun-monster-alarm-0-2-l/,https://www.nasevitaminy.cz/capri-sun-fun-alarm-0-2-l,,review,Portfolio je mimo hlavní health proposition; nutné obchodní rozhodnutí.,2,False
prd_6e967cabb248,"Capri-Sun Multivitamin 0,2 l",Capri-Sun,40000102,4000177407509,Hydratace a nápoje,Nápoj,13.5,True,True,False,https://www.vitar.cz/capri-sun-multivitamin-0-2-l/,https://www.nasevitaminy.cz/capri-sun-multivitamin-0-2-l,,review,Portfolio je mimo hlavní health proposition; nutné obchodní rozhodnutí.,2,False
prd_2bd3051b759d,"Capri-Sun Multivitamin 0,33 l",Capri-Sun,50600043,4000177162316,Hydratace a nápoje,Nápoj,31.5,True,True,False,https://www.vitar.cz/capri-sun-multivitamin-0-33-l/,https://www.nasevitaminy.cz/capri-sun-multivitamin-0-33-l,,review,Portfolio je mimo hlavní health proposition; nutné obchodní rozhodnutí.,2,True
prd_9e55c4a1d27f,"Capri-Sun Multivitamin Zero 0,2 l",Capri-Sun,40000015,4000177030035,Hydratace a nápoje,Nápoj,13.5,True,True,False,https://www.vitar.cz/capri-sun-multivitamin-zero-0-2-l/,https://www.nasevitaminy.cz/capri-sun-multivitamin-zero,,review,Portfolio je mimo hlavní health proposition; nutné obchodní rozhodnutí.,2,False
prd_9758d3a221c7,"Capri-Sun Mystic Dragon 0,2 l",Capri-Sun,40000122,4000177408100,Hydratace a nápoje,Nápoj,13.5,True,True,False,https://www.vitar.cz/capri-sun-mystic-dragon-0-2-l/,https://www.nasevitaminy.cz/capri-sun-mystic-dragon,,review,Portfolio je mimo hlavní health proposition; nutné obchodní rozhodnutí.,2,False
prd_104bef80646e,Capri-Sun osuška,Capri-Sun,39000011,3900001100000,Zrak,Neurčeno,399,False,True,False,,https://www.nasevitaminy.cz/capri-sun-osuska,,review,Portfolio je mimo hlavní health proposition; nutné obchodní rozhodnutí.,1,False
prd_e9b8a2b0854f,"Capri-Sun Pomeranč 0,2 l",Capri-Sun,40000112,4000177407400,Hydratace a nápoje,Nápoj,13.5,True,True,False,https://www.vitar.cz/capri-sun-pomeranc-0-2-l/,https://www.nasevitaminy.cz/capri-sun-pomeranc-0-2-l,,review,Portfolio je mimo hlavní health proposition; nutné obchodní rozhodnutí.,2,False
prd_1db711655d71,"Capri-Sun Pomeranč + broskev 0,33 l",Capri-Sun,50183747,,Hydratace a nápoje,Nápoj,31.5,True,False,False,https://www.vitar.cz/capri-sun-pomeranc-broskev-0-33-l/,,,review,Portfolio je mimo hlavní health proposition; nutné obchodní rozhodnutí.,1,False
prd_8d030e405324,"Capri-Sun Safari Fruits 0,2 l",Capri-Sun,40000132,4000177407608,Hydratace a nápoje,Nápoj,13.5,True,True,False,https://www.vitar.cz/capri-sun-safari-fruits-0-2-l/,https://www.nasevitaminy.cz/capri-sun-safari-fruits-0-2-l,,review,Portfolio je mimo hlavní health proposition; nutné obchodní rozhodnutí.,2,False
prd_fd35fc0b74f0,Capri-Sun taška,Capri-Sun,39005029,3900502900000,Hydratace a nápoje,Neurčeno,199,False,True,False,,https://www.nasevitaminy.cz/capri-sun-taska,,review,Portfolio je mimo hlavní health proposition; nutné obchodní rozhodnutí.,1,False
prd_ca9061e8b1d5,"Capri-Sun Višeň + granátové jablko 0,33 l",Capri-Sun,50600044,4000177172629,Hydratace a nápoje,Nápoj,31.5,True,True,False,https://www.vitar.cz/capri-sun-visen-and-granatove-jablko-0-33-l/,https://www.nasevitaminy.cz/capri-sun-visen-granatove-jablko-0-33-l,,review,Portfolio je mimo hlavní health proposition; nutné obchodní rozhodnutí.,2,False
prd_0dff242c1ee1,eMVe Hořčík + vitamin C a B6,eMVe,42300201,8595011113549,Hořčík,Tablety,36.9,True,True,False,https://www.vitar.cz/emve-horcik-vitamin-c-a-b6/,https://www.nasevitaminy.cz/emve-horcik-vitamin-c-a-b6,,nasevitaminy.cz,Retailová klasika a cenově dostupné řady odpovídají roli NašeVitamíny.cz.,2,False
prd_b5f315757813,eMVe Magnézium 200 mg + B6,eMVe,42300204,8595011128482,Hořčík,Tablety,21.9,True,True,False,https://www.vitar.cz/emve-magnezium-200-mg-b6/,https://www.nasevitaminy.cz/emve-magnezium-200-mg-b6,,nasevitaminy.cz,Retailová klasika a cenově dostupné řady odpovídají roli NašeVitamíny.cz.,2,False
prd_44627c5d2b58,eMVe Multivita+,eMVe,42300202,8595011113389,Vitaminy a minerály,Tablety,36.9,True,True,False,https://www.vitar.cz/emve-multivita/,https://www.nasevitaminy.cz/emve-multivita,,nasevitaminy.cz,Retailová klasika a cenově dostupné řady odpovídají roli NašeVitamíny.cz.,2,False
prd_38e4f8064dc4,eMVe Multivitamin,eMVe,42300205,8595011128406,Vitaminy a minerály,Tablety,21.9,True,True,False,https://www.vitar.cz/emve-multivitamin/,https://www.nasevitaminy.cz/emve-multivitamin,,nasevitaminy.cz,Retailová klasika a cenově dostupné řady odpovídají roli NašeVitamíny.cz.,2,False
prd_54ba3d3c6572,"eMVe Vápník-hořčík-zinek + vitaminy C, D3 a K1",eMVe,42300209,8595011135176,Vitaminy a minerály,Tablety,21.9,True,True,False,https://www.vitar.cz/emve-vapnik-horcik-zinek-vitaminy-c-d3-a-k1/,https://www.nasevitaminy.cz/emve-vapnik-horcik-zinek-vitaminy-c-d3-a-k1,,nasevitaminy.cz,Retailová klasika a cenově dostupné řady odpovídají roli NašeVitamíny.cz.,2,True
prd_a8b9afdfa3ad,eMVe Vitamin C,eMVe,42300203,8595011113518,Imunita,Tablety,36.9,True,True,False,https://www.vitar.cz/emve-vitamin-c/,https://www.nasevitaminy.cz/emve-vitamin-c,,nasevitaminy.cz,Retailová klasika a cenově dostupné řady odpovídají roli NašeVitamíny.cz.,2,False
prd_eefce9f644af,eMVe Vitamin C 180 mg,eMVe,42300206,8595011128451,Imunita,Tablety,21.9,True,True,False,https://www.vitar.cz/emve-vitamin-c-180-mg/,https://www.nasevitaminy.cz/emve-vitamin-c-180-mg,,nasevitaminy.cz,Retailová klasika a cenově dostupné řady odpovídají roli NašeVitamíny.cz.,2,False
prd_5f63df374c5b,Energit Coffee,Energit,42100609,8595011147186,Energie a výkon,Tablety,51.9,True,True,False,https://www.vitar.cz/energit-coffee/,https://www.nasevitaminy.cz/energit-coffee-kofein-42-tbl,,review,"Rozhodnout mezi VITAR.cz a NašeVitamíny.cz podle pozice, ceny a cílové skupiny.",2,False
prd_a0ee3302d3f9,Energit Dextróza sport Magnézium + B6,Energit,50000007,8595011143638,Hroznový cukr a cukrovinky,Tablety,18.9,True,True,False,https://www.vitar.cz/energit-dextroza-sport-magnezium-b6/,https://www.nasevitaminy.cz/energit-dextroza-sport-magnezium-b6,,review,"Rozhodnout mezi VITAR.cz a NašeVitamíny.cz podle pozice, ceny a cílové skupiny.",2,False
prd_304511ddbb72,Energit Hroznový cukr multivitamin,Energit,00000012,,Hroznový cukr a cukrovinky,Tablety,18.9,True,False,False,https://www.vitar.cz/energit-hroznovy-cukr-multivitamin/,,,review,"Rozhodnout mezi VITAR.cz a NašeVitamíny.cz podle pozice, ceny a cílové skupiny.",1,False
prd_8b0269c3755c,Energit Hroznový cukr multivitamin - citron,Energit,50000001,8586015310515,Hroznový cukr a cukrovinky,Tablety,18.9,False,True,False,,https://www.nasevitaminy.cz/energit-hroznovy-cukr-multivitamin-citron,,review,"Rozhodnout mezi VITAR.cz a NašeVitamíny.cz podle pozice, ceny a cílové skupiny.",1,False
prd_753554a57f97,Energit Hroznový cukr multivitamin - citron,Energit,50000003,8586015310492,Hroznový cukr a cukrovinky,Tablety,18.9,False,True,False,,https://www.nasevitaminy.cz/energit-hroznovy-cukr-multivitamin-pomeranc,,review,"Rozhodnout mezi VITAR.cz a NašeVitamíny.cz podle pozice, ceny a cílové skupiny.",1,False
prd_3d2dcb1a6969,Energit Hroznový cukr multivitamin - jahoda,Energit,50000002,8586015310508,Hroznový cukr a cukrovinky,Tablety,18.9,False,True,False,,https://www.nasevitaminy.cz/energit-hroznovy-cukr-multivitamin-jahoda,,review,"Rozhodnout mezi VITAR.cz a NašeVitamíny.cz podle pozice, ceny a cílové skupiny.",1,False
prd_1c42f5001ce1,Energit Hroznový cukr multivitamin - třešeň,Energit,50000006,8586015310256,Hroznový cukr a cukrovinky,Tablety,18.9,False,True,False,,https://www.nasevitaminy.cz/energit-hroznovy-cukr-multivitamin-tresen,,review,"Rozhodnout mezi VITAR.cz a NašeVitamíny.cz podle pozice, ceny a cílové skupiny.",1,False
prd_bd81b03afcee,Energit Imunita,Energit,42100603,8595011124187,Imunita,Tablety,51.9,True,True,False,https://www.vitar.cz/energit-imunita/,https://www.nasevitaminy.cz/energit-imunita,,review,"Rozhodnout mezi VITAR.cz a NašeVitamíny.cz podle pozice, ceny a cílové skupiny.",2,False
prd_b1145e8cff69,Energit Magnézium,Energit,42100608,8595011129083,Hořčík,Tablety,51.9,True,True,False,https://www.vitar.cz/energit-magnezium/,https://www.nasevitaminy.cz/energit-magnezium,,review,"Rozhodnout mezi VITAR.cz a NašeVitamíny.cz podle pozice, ceny a cílové skupiny.",2,False
prd_e92bad3ebed5,Energit Multivitamin,Energit,42100601,8595011124248,Imunita,Tablety,51.9,True,True,False,https://www.vitar.cz/energit-multivitamin/,https://www.nasevitaminy.cz/energit-multivitamin,,review,"Rozhodnout mezi VITAR.cz a NašeVitamíny.cz podle pozice, ceny a cílové skupiny.",2,False
prd_6dced38fee56,Energit Pro děti,Energit,42100606,8595011124217,Děti,Tablety,51.9,True,True,False,https://www.vitar.cz/energit-pro-deti/,https://www.nasevitaminy.cz/energit-pro-deti,,review,"Rozhodnout mezi VITAR.cz a NašeVitamíny.cz podle pozice, ceny a cílové skupiny.",2,False
prd_b6b712a471bc,Energit Pro oči,Energit,42100604,8595011124309,Zrak,Tablety,51.9,True,True,False,https://www.vitar.cz/energit-pro-oci/,https://www.nasevitaminy.cz/energit-pro-oci,,review,"Rozhodnout mezi VITAR.cz a NašeVitamíny.cz podle pozice, ceny a cílové skupiny.",2,False
prd_501c247061d8,Energit Pro řidiče,Energit,42100605,8595011124279,Spánek a stres,Tablety,51.9,True,True,False,https://www.vitar.cz/energit-pro-ridice/,https://www.nasevitaminy.cz/energit-pro-ridice,,review,"Rozhodnout mezi VITAR.cz a NašeVitamíny.cz podle pozice, ceny a cílové skupiny.",2,False
prd_0cb46a11a746,Energit Vitamin D3 + acerola,Energit,42100611,8595011141573,Imunita,Tablety,51.9,True,True,False,https://www.vitar.cz/energit-vitamin-d3-acerola/,https://www.nasevitaminy.cz/energit-vitamin-d3-acerola,,review,"Rozhodnout mezi VITAR.cz a NašeVitamíny.cz podle pozice, ceny a cílové skupiny.",2,False
prd_97f2b86cf322,Energit Zázvor,Energit,42100610,8595011147209,Imunita,Tablety,51.9,True,True,False,https://www.vitar.cz/energit-zazvor/,https://www.nasevitaminy.cz/energit-zazvor-lisejnik-42-tbl,,review,"Rozhodnout mezi VITAR.cz a NašeVitamíny.cz podle pozice, ceny a cílové skupiny.",2,False
prd_f970b7f46b0d,Irbis Aspartam (220 tbl.),Irbis,46000004,0000085906488,Sladidla,Tablety,75,False,True,False,,https://www.nasevitaminy.cz/irbis-aspartam-220-tbl,,review,Portfolio je mimo hlavní health proposition; nutné obchodní rozhodnutí.,1,False
prd_a1354f17b245,Irbis Aspartam Big Sweet 10x sladší (sypká směs),Irbis,46000002,8594002799205,Sladidla,Prášek,106,True,True,False,https://www.vitar.cz/irbis-big-sweet-10x-sladsi/,https://www.nasevitaminy.cz/irbis-aspartam-big-sweet-10x-sladsi-sypka-smes,,review,Portfolio je mimo hlavní health proposition; nutné obchodní rozhodnutí.,2,False
prd_28dec59c3a93,Irbis Aspartam - dávkovač (110 tbl.),Irbis,46000018,8595011134001,Sladidla,Tablety,43,False,True,False,,https://www.nasevitaminy.cz/irbis-aspartam-davkovac-110-tbl,,review,Portfolio je mimo hlavní health proposition; nutné obchodní rozhodnutí.,1,False
prd_1f06c7c74262,Irbis Aspartam Sweet 3x sladší (sypká směs),Irbis,46000001,8594002790226,Sladidla,Prášek,92,True,True,False,https://www.vitar.cz/irbis-aspartam-sweet-3x-sladsi/,https://www.nasevitaminy.cz/irbis-aspartam-sweet-3x-sladsi-sypka-smes,,review,Portfolio je mimo hlavní health proposition; nutné obchodní rozhodnutí.,2,False
prd_5769ac62201b,Irbis Aspartam - tablety,Irbis,00000017,,Sladidla,Tablety,43,True,False,False,https://www.vitar.cz/irbis-aspartam-tablety/,,,review,Portfolio je mimo hlavní health proposition; nutné obchodní rozhodnutí.,1,False
prd_21139ca3343f,Irbis se sladidly z rostliny stévie (220 tbl.),Irbis,46000011,8595011128697,Sladidla,Tablety,98,False,True,False,,https://www.nasevitaminy.cz/irbis-se-sladidly-z-rostliny-stevie-220-tbl,,review,Portfolio je mimo hlavní health proposition; nutné obchodní rozhodnutí.,1,False
prd_985c0960b0d9,Irbis se sladidly z rostliny stévie - dávkovač (110 tbl.),Irbis,46000017,8595011132021,Sladidla,Tablety,77,False,True,False,,https://www.nasevitaminy.cz/irbis-se-sladidly-z-rostliny-stevie-davkovac-110-tbl,,review,Portfolio je mimo hlavní health proposition; nutné obchodní rozhodnutí.,1,False
prd_170e581925fa,Irbis se sladidly z rostliny stévie (sypká směs),Irbis,46000014,8595011128239,Sladidla,Prášek,110,True,True,False,https://www.vitar.cz/irbis-stevie-sypke-sladidlo-250-g/,https://www.nasevitaminy.cz/irbis-se-sladidly-z-rostliny-stevie-sypka-smes,,review,Portfolio je mimo hlavní health proposition; nutné obchodní rozhodnutí.,2,False
prd_ca09a138fa59,Irbis se sladidly z rostliny stévie - tablety,Irbis,00000019,,Sladidla,Tablety,77,True,False,False,https://www.vitar.cz/irbis-stevie-tablety/,,,review,Portfolio je mimo hlavní health proposition; nutné obchodní rozhodnutí.,1,False
prd_c96141652751,Irbis Sukralóza s chromem - tablety,Irbis,46000016,8595011131994,Sladidla,Tablety,47,True,True,False,https://www.vitar.cz/irbis-sukraloza-s-chromem-davkovac-110-tbl/,https://www.nasevitaminy.cz/irbis-sukraloza-s-chromem-davkovac-110-tbl,,review,Portfolio je mimo hlavní health proposition; nutné obchodní rozhodnutí.,2,False
prd_e39b726e1d43,Maxi Vita B-komplex forte + vitamin C,Maxi Vita,42300016,8595011119978,Vitaminy a minerály,Tablety,64.9,True,True,False,https://www.vitar.cz/maxivita-b-komplex-forte-vitamin-c/,https://www.nasevitaminy.cz/maxi-vita-b-komplex-forte-vitamin-c,,nasevitaminy.cz,Retailová klasika a cenově dostupné řady odpovídají roli NašeVitamíny.cz.,2,False
prd_32286172a1ef,Maxi Vita Beauty Kyselina hyaluronová 100 mg + koenzym Q10,Maxi Vita,42300097,8595011144260,"Krása, vlasy a pleť",Kapsle,310,True,True,False,https://www.vitar.cz/maxi-vita-beauty-kyselina-hyaluronova-100-mg-koenzym-q10/,https://www.nasevitaminy.cz/maxi-vita-beauty-kyselina-hyaluronova-100-mg-koenzym-q10,,nasevitaminy.cz,Retailová klasika a cenově dostupné řady odpovídají roli NašeVitamíny.cz.,2,False
prd_a8715b9a5dac,Maxi Vita Beauty Mořský kolagen,Maxi Vita,42300093,8595011138115,"Krása, vlasy a pleť",Kapsle,291,True,True,False,https://www.vitar.cz/maxivita-beauty-morsky-kolagen/,https://www.nasevitaminy.cz/maxi-vita-beauty-morsky-kolagen,,nasevitaminy.cz,Retailová klasika a cenově dostupné řady odpovídají roli NašeVitamíny.cz.,2,False
prd_2203af478a61,Maxi Vita Beta karoten,Maxi Vita,42300005,8595011107456,"Krása, vlasy a pleť",Tablety,64.9,True,True,False,https://www.vitar.cz/maxivita-beta-karoten/,https://www.nasevitaminy.cz/maxi-vita-beta-karoten,,nasevitaminy.cz,Retailová klasika a cenově dostupné řady odpovídají roli NašeVitamíny.cz.,2,False
prd_0e6c074b17d9,Maxi Vita Chrom + garcinia cambogia,Maxi Vita,42300009,8595011109689,Zrak,Tablety,46.9,True,True,False,https://www.vitar.cz/maxivita-chrom-garcinia-cambogia/,https://www.nasevitaminy.cz/maxi-vita-chrom-garcinia-cambogia,,nasevitaminy.cz,Retailová klasika a cenově dostupné řady odpovídají roli NašeVitamíny.cz.,2,False
prd_7039916d0193,Maxi Vita dávkovač léků denní,Maxi Vita,49040002,8591078420149,Srdce a oběh,Neurčeno,49.9,True,True,False,https://www.vitar.cz/maxi-vita-davkovac-leku-denni-1437/,https://www.nasevitaminy.cz/maxi-vita-davkovac-leku-denni,,nasevitaminy.cz,Retailová klasika a cenově dostupné řady odpovídají roli NašeVitamíny.cz.,2,False
prd_7db8543810ac,Maxi Vita dávkovač léků týdenní,Maxi Vita,49040001,8591078420149,Srdce a oběh,Neurčeno,179.9,True,True,False,https://www.vitar.cz/maxi-vita-davkovac-leku-tydenni/,https://www.nasevitaminy.cz/maxi-vita-davkovac-leku-tydenni,,nasevitaminy.cz,Retailová klasika a cenově dostupné řady odpovídají roli NašeVitamíny.cz.,2,True
prd_1f2dbf03d3b9,Maxi Vita Energy Power,Maxi Vita,43200309,8595011143256,Zdraví žen,Prášek,87.9,True,True,False,https://www.vitar.cz/maxivita-energy-power/,https://www.nasevitaminy.cz/maxi-vita-energy-power,,nasevitaminy.cz,Retailová klasika a cenově dostupné řady odpovídají roli NašeVitamíny.cz.,2,False
prd_95c62ef2aef6,Maxi Vita Exclusive Beta-karoten forte+,Maxi Vita,42300072,8595011134841,"Krása, vlasy a pleť",Tablety,131.9,True,True,False,https://www.vitar.cz/maxivita-exclusive-beta-karoten-forte/,https://www.nasevitaminy.cz/maxi-vita-exclusive-beta-karoten-forte,,nasevitaminy.cz,Retailová klasika a cenově dostupné řady odpovídají roli NašeVitamíny.cz.,2,False
prd_e468f33ea5a4,Maxi Vita Exclusive BOX,Maxi Vita,41300115,8595011146134,Hořčík,Šumivé tablety,149.9,False,True,False,,https://www.nasevitaminy.cz/maxi-vita-exclusive-box-3-mix-eff-tbl,,nasevitaminy.cz,Retailová klasika a cenově dostupné řady odpovídají roli NašeVitamíny.cz.,1,False
prd_b004ab0a59ae,Maxi Vita Exclusive Detox očista jater,Maxi Vita,41300105,8595011131550,Trávení a probiotika,Šumivé tablety,64.9,True,True,False,https://www.vitar.cz/maxivita-exclusive-detox-ocista-jater/,https://www.nasevitaminy.cz/maxi-vita-exclusive-detox-ocista-jater,,nasevitaminy.cz,Retailová klasika a cenově dostupné řady odpovídají roli NašeVitamíny.cz.,2,False
prd_8a6c4f750124,Maxi Vita Exclusive Erektor,Maxi Vita,42300060,8595011118162,Energie a výkon,Kapsle,184.9,True,True,False,https://www.vitar.cz/maxivita-exclusive-erektor/,https://www.nasevitaminy.cz/maxi-vita-exclusive-erektor,,nasevitaminy.cz,Retailová klasika a cenově dostupné řady odpovídají roli NašeVitamíny.cz.,2,False
prd_b90f5958fc55,Maxi Vita Exclusive Ginkgo biloba,Maxi Vita,41300104,8595011131536,Srdce a oběh,Šumivé tablety,64.9,True,True,False,https://www.vitar.cz/maxivita-exclusive-ginkgo-biloba/,https://www.nasevitaminy.cz/maxi-vita-exclusive-ginkgo-biloba,,nasevitaminy.cz,Retailová klasika a cenově dostupné řady odpovídají roli NašeVitamíny.cz.,2,False
prd_8619eee911df,Maxi Vita Exclusive Kloubní výživa,Maxi Vita,43200014,8595011120134,Klouby a pohyb,Prášek,184.9,True,True,False,https://www.vitar.cz/maxivita-exclusive-kloubni-vyziva/,https://www.nasevitaminy.cz/maxi-vita-exclusive-kloubni-vyziva,,nasevitaminy.cz,Retailová klasika a cenově dostupné řady odpovídají roli NašeVitamíny.cz.,2,False
prd_53aec124498a,Maxi Vita Exclusive Kolagen forte+,Maxi Vita,42300064,8595011124873,Klouby a pohyb,Kapsle,184.9,True,True,False,https://www.vitar.cz/maxivita-exclusive-kolagen-forte/,https://www.nasevitaminy.cz/maxi-vita-exclusive-kolagen-forte,,nasevitaminy.cz,Retailová klasika a cenově dostupné řady odpovídají roli NašeVitamíny.cz.,2,False
prd_cf2bfccc7faf,"Maxi Vita Exclusive Krásné vlasy, nehty a pleť",Maxi Vita,42300069,8595011131451,"Krása, vlasy a pleť",Kapsle,184.9,True,True,False,https://www.vitar.cz/maxivita-exclusive-krasne-vlasy-nehty-a-plet/,https://www.nasevitaminy.cz/maxi-vita-exclusive-krasne-vlasy-nehty-a-plet,,nasevitaminy.cz,Retailová klasika a cenově dostupné řady odpovídají roli NašeVitamíny.cz.,2,False
prd_a68eac2bb9d5,Maxi Vita Exclusive Kyselina Hyaluronová + koenzym Q10,Maxi Vita,42300062,8595011146042,"Krása, vlasy a pleť",Neurčeno,299.9,False,True,False,,https://www.nasevitaminy.cz/mxv-excl-kys-hyaluron-koenzym-q10-60-cps,,nasevitaminy.cz,Retailová klasika a cenově dostupné řady odpovídají roli NašeVitamíny.cz.,1,False
prd_fba3ac6c7246,Maxi Vita Exclusive Kyselina hyaluronová + koenzym Q10,Maxi Vita,423000622,8595011146042,"Krása, vlasy a pleť",Kapsle,299.9,True,False,False,https://www.vitar.cz/maxi-vita-exclusive-kyselina-hyaluronova-koenzym-q10/,,,nasevitaminy.cz,Retailová klasika a cenově dostupné řady odpovídají roli NašeVitamíny.cz.,1,False
prd_d7da22b49ec3,Maxi Vita Exclusive Lutein forte+,Maxi Vita,42300065,8595011126938,Zrak,Kapsle,184.9,True,True,False,https://www.vitar.cz/maxivita-exclusive-lutein-forte/,https://www.nasevitaminy.cz/maxi-vita-exclusive-lutein-forte,,nasevitaminy.cz,Retailová klasika a cenově dostupné řady odpovídají roli NašeVitamíny.cz.,2,False
prd_49a2199f133c,Maxi Vita Exclusive Magnézium,Maxi Vita,41300103,8595011131512,Hořčík,Šumivé tablety,64.9,True,True,False,https://www.vitar.cz/maxivita-exclusive-magnezium/,https://www.nasevitaminy.cz/maxi-vita-exclusive-magnezium,,nasevitaminy.cz,Retailová klasika a cenově dostupné řady odpovídají roli NašeVitamíny.cz.,2,False
prd_6f68820844ff,Maxi Vita Exclusive Magnézium forte+,Maxi Vita,42300068,8595011128987,Hořčík,Tablety,129.9,True,True,False,https://www.vitar.cz/maxivita-exclusive-magnezium-forte/,https://www.nasevitaminy.cz/maxi-vita-exclusive-magnezium-forte,,nasevitaminy.cz,Retailová klasika a cenově dostupné řady odpovídají roli NašeVitamíny.cz.,2,False
prd_64a5b3c7b7a8,Maxi Vita Exclusive Multivitamin,Maxi Vita,41300102,8595011131499,Vitaminy a minerály,Šumivé tablety,64.9,True,True,False,https://www.vitar.cz/maxivita-exclusive-multivitamin/,https://www.nasevitaminy.cz/maxi-vita-exclusive-multivitamin,,nasevitaminy.cz,Retailová klasika a cenově dostupné řady odpovídají roli NašeVitamíny.cz.,2,False
prd_c23f7edc7fae,Maxi Vita Exclusive Odkyselení,Maxi Vita,41300114,8595011146769,Zdraví žen,Šumivé tablety,89.9,True,True,False,https://www.vitar.cz/maxi-vita-exclusive-odkyseleni/,https://www.nasevitaminy.cz/maxi-vita-exclusive-odkyseleni-20-eff-tbl,,nasevitaminy.cz,Retailová klasika a cenově dostupné řady odpovídají roli NašeVitamíny.cz.,2,False
prd_f218d45a4482,Maxi Vita Exclusive Odvodnění,Maxi Vita,41300113,8595011146745,Hydratace a nápoje,Šumivé tablety,89.9,True,True,False,https://www.vitar.cz/maxi-vita-exclusive-odvodneni/,https://www.nasevitaminy.cz/maxi-vita-exclusive-odvodneni-20-eff-tbl,,nasevitaminy.cz,Retailová klasika a cenově dostupné řady odpovídají roli NašeVitamíny.cz.,2,False
prd_6cb83ee314bd,Maxi Vita Exclusive Omega 3 forte+,Maxi Vita,42300071,8595011133806,Srdce a oběh,Kapsle,174.9,True,True,False,https://www.vitar.cz/maxivita-exclusive-omega-3-forte/,https://www.nasevitaminy.cz/maxi-vita-exclusive-omega-3-forte,,nasevitaminy.cz,Retailová klasika a cenově dostupné řady odpovídají roli NašeVitamíny.cz.,2,False
prd_fc429ea25063,Maxi Vita Exclusive Podpora imunity,Maxi Vita,41300108,8595011143003,Hydratace a nápoje,Šumivé tablety,64.9,True,True,False,https://www.vitar.cz/maxivita-exclusive-podpora-imunity/,https://www.nasevitaminy.cz/maxi-vita-exclusive-podpora-imunity,,nasevitaminy.cz,Retailová klasika a cenově dostupné řady odpovídají roli NašeVitamíny.cz.,2,False
prd_427ae2eb26e4,Maxi Vita Exclusive Posílení imunity forte+,Maxi Vita,42300066,8595011127690,Imunita,Tablety,184.9,True,True,False,https://www.vitar.cz/maxivita-exclusive-posileni-imunity-forte/,https://www.nasevitaminy.cz/maxi-vita-exclusive-posileni-imunity-forte,,nasevitaminy.cz,Retailová klasika a cenově dostupné řady odpovídají roli NašeVitamíny.cz.,2,False
prd_b835934d5de6,Maxi Vita Exclusive Rakytník forte+,Maxi Vita,42300070,8595011133288,Imunita,Kapsle,184.9,True,True,False,https://www.vitar.cz/maxivita-exclusive-rakytnik-forte/,https://www.nasevitaminy.cz/maxi-vita-exclusive-rakytnik-forte,,nasevitaminy.cz,Retailová klasika a cenově dostupné řady odpovídají roli NašeVitamíny.cz.,2,False
prd_4ce231f02104,Maxi Vita Exclusive Rehydratace,Maxi Vita,41300112,8595011146141,Hydratace a nápoje,Šumivé tablety,89.9,True,True,False,https://www.vitar.cz/maxi-vita-exclusive-rehydratace/,https://www.nasevitaminy.cz/maxi-vita-exclusive-rehydratace-20-eff-tbl,,nasevitaminy.cz,Retailová klasika a cenově dostupné řady odpovídají roli NašeVitamíny.cz.,2,False
prd_42d7cfa0cba6,Maxi Vita Exclusive Vápník–hořčík–zinek forte+,Maxi Vita,42300067,8595011128956,Vitaminy a minerály,Tablety,108.9,True,True,False,https://www.vitar.cz/maxivita-exclusive-vapnik-horcik-zinek-forte/,https://www.nasevitaminy.cz/maxi-vita-exclusive-vapnik-horcik-zinek-forte,,nasevitaminy.cz,Retailová klasika a cenově dostupné řady odpovídají roli NašeVitamíny.cz.,2,False
prd_c3055a93c534,Maxi Vita Exclusive Vitamin C 800 mg forte+,Maxi Vita,42300073,8595011134865,Imunita,Kapsle,131.9,True,True,False,https://www.vitar.cz/maxivita-exclusive-vitamin-c-800-mg-forte/,https://www.nasevitaminy.cz/maxi-vita-exclusive-vitamin-c-800-mg-forte,,nasevitaminy.cz,Retailová klasika a cenově dostupné řady odpovídají roli NašeVitamíny.cz.,2,False
prd_70a1e15b64a5,Maxi Vita Exclusive Vitamin C + rakytník,Maxi Vita,41300101,8595011131475,Imunita,Šumivé tablety,64.9,True,True,False,https://www.vitar.cz/maxivita-exclusive-vitamin-c-rakytnik/,https://www.nasevitaminy.cz/maxi-vita-exclusive-vitamin-c-rakytnik,,nasevitaminy.cz,Retailová klasika a cenově dostupné řady odpovídají roli NašeVitamíny.cz.,2,False
prd_8d367ea8de23,Maxi Vita Exclusive Vitamin K2 + D3 forte+,Maxi Vita,42300075,8595011145038,Zdraví žen,Tablety,149.9,True,True,False,https://www.vitar.cz/maxi-vita-exclusive-vitamin-k2-d3-forte/,https://www.nasevitaminy.cz/maxi-vita-exclusive-vitamin-k2-d3-forte,,nasevitaminy.cz,Retailová klasika a cenově dostupné řady odpovídají roli NašeVitamíny.cz.,2,False
prd_f36ac9473bd8,Maxi Vita Herbal Bylinný elixír Brusinky,Maxi Vita,43800005,8595011123869,Močové cesty,Sirup / elixír,71.9,True,True,False,https://www.vitar.cz/maxivita-herbal-bylinny-elixir-brusinky/,https://www.nasevitaminy.cz/maxi-vita-herbal-bylinny-elixir-brusinky,,nasevitaminy.cz,Retailová klasika a cenově dostupné řady odpovídají roli NašeVitamíny.cz.,2,False
prd_07c0028c7a3c,Maxi Vita Herbal Bylinný elixír Jitrocel,Maxi Vita,43800011,8595011144673,Imunita,Sirup / elixír,77.9,True,True,False,https://www.vitar.cz/maxi-vita-herbal-bylinny-elixir-jitrocel/,https://www.nasevitaminy.cz/maxi-vita-herbal-bylinny-elixir-jitrocel,,nasevitaminy.cz,Retailová klasika a cenově dostupné řady odpovídají roli NašeVitamíny.cz.,2,False
prd_35f2f7d485f0,Maxi Vita Herbal Bylinný elixír Karlík,Maxi Vita,43800004,8595011120578,Zrak,Sirup / elixír,71.9,True,True,False,https://www.vitar.cz/maxivita-herbal-bylinny-elixir-karlik/,https://www.nasevitaminy.cz/maxi-vita-herbal-bylinny-elixir-karlik,,nasevitaminy.cz,Retailová klasika a cenově dostupné řady odpovídají roli NašeVitamíny.cz.,2,False
prd_855774771f06,Maxi Vita Herbal Bylinný elixír Lipový květ + divizna,Maxi Vita,43800001,8595011120608,Zrak,Sirup / elixír,71.9,True,True,False,https://www.vitar.cz/maxi-vita-herbal-bylinny-elixir-lipovy-kvet-divizna/,https://www.nasevitaminy.cz/maxi-vita-herbal-bylinny-elixir-lipovy-kvet-divizna,,nasevitaminy.cz,Retailová klasika a cenově dostupné řady odpovídají roli NašeVitamíny.cz.,2,False
prd_afcc956b39fe,Maxi Vita Herbal Bylinný elixír NaSpaní,Maxi Vita,43800006,8595011123890,Zrak,Sirup / elixír,71.9,True,True,False,https://www.vitar.cz/maxi-vita-herbal-bylinny-elixir-naspani/,https://www.nasevitaminy.cz/maxi-vita-herbal-bylinny-elixir-klidny-spanek,,nasevitaminy.cz,Retailová klasika a cenově dostupné řady odpovídají roli NašeVitamíny.cz.,2,False
prd_cf375be83504,Maxi Vita Herbal Bylinný elixír Posílení imunity,Maxi Vita,43800002,8595011120639,Imunita,Sirup / elixír,71.9,True,True,False,https://www.vitar.cz/maxivita-herbal-bylinny-elixir-posileni-imunity/,https://www.nasevitaminy.cz/maxi-vita-herbal-bylinny-elixir-posileni-imunity,,nasevitaminy.cz,Retailová klasika a cenově dostupné řady odpovídají roli NašeVitamíny.cz.,2,False
prd_4992365ea756,Maxi Vita Herbal Bylinný elixír Posílení imunity pro děti,Maxi Vita,43800010,8595011134902,Děti,Sirup / elixír,77.9,True,True,False,https://www.vitar.cz/maxivita-herbal-bylinny-elixir-posileni-imunity-pro-deti/,https://www.nasevitaminy.cz/maxi-vita-herbal-bylinny-elixir-posileni-imunity-pro-deti,,nasevitaminy.cz,Retailová klasika a cenově dostupné řady odpovídají roli NašeVitamíny.cz.,2,False
prd_7f4d85955c0c,Maxi Vita Herbal Bylinný elixír Průduškový,Maxi Vita,43800003,8595011120660,Zrak,Sirup / elixír,71.9,True,True,False,https://www.vitar.cz/maxivita-herbal-bylinny-elixir-pruduskovy/,https://www.nasevitaminy.cz/maxi-vita-herbal-bylinny-elixir-pruduskovy,,nasevitaminy.cz,Retailová klasika a cenově dostupné řady odpovídají roli NašeVitamíny.cz.,2,False
prd_aacec09a7d6b,Maxi Vita Herbal Bylinný elixír Rakytník,Maxi Vita,43800008,8595011128925,Imunita,Sirup / elixír,77.9,True,True,False,https://www.vitar.cz/maxivita-herbal-bylinny-elixir-rakytnik/,https://www.nasevitaminy.cz/maxi-vita-herbal-bylinny-elixir-rakytnik,,nasevitaminy.cz,Retailová klasika a cenově dostupné řady odpovídají roli NašeVitamíny.cz.,2,False
prd_1236f33854f7,Maxi Vita Herbal Bylinný elixír Zdravé oči,Maxi Vita,43800009,8595011130317,Zrak,Sirup / elixír,77.9,True,True,False,https://www.vitar.cz/maxivita-herbal-bylinny-elixir-zdrave-oci/,https://www.nasevitaminy.cz/maxi-vita-herbal-bylinny-elixir-zdrave-oci,,nasevitaminy.cz,Retailová klasika a cenově dostupné řady odpovídají roli NašeVitamíny.cz.,2,False
prd_13b476fdb17f,Maxi Vita Herbal Ginkgo biloba,Maxi Vita,42300050,8595011107890,Zrak,Želé / gummies,92.9,True,True,False,https://www.vitar.cz/maxivita-herbal-ginkgo-biloba/,https://www.nasevitaminy.cz/maxi-vita-herbal-ginkgo-biloba,,nasevitaminy.cz,Retailová klasika a cenově dostupné řady odpovídají roli NašeVitamíny.cz.,2,False
prd_bfa75879b1ee,Maxi Vita Herbal HerbaVOX - citron + zázvor,Maxi Vita,42300098,8595011149012,Imunita,Tablety,79.9,True,True,False,https://www.vitar.cz/maxivita-herbal-herbavox/,https://www.nasevitaminy.cz/maxivita-herbal-herbavox-zazvor-24-tbl-blistr,,nasevitaminy.cz,Retailová klasika a cenově dostupné řady odpovídají roli NašeVitamíny.cz.,2,False
prd_853590db45cb,Maxi Vita Herbal HerbaVOX - lišejník islandský,Maxi Vita,42240007,8595011131147,Imunita,Neurčeno,74.9,True,True,False,https://www.vitar.cz/maxivita-herbavox-lisejnik-islandsky/,https://www.nasevitaminy.cz/maxi-vita-herbavox-lisejnik-islandsky,,nasevitaminy.cz,Retailová klasika a cenově dostupné řady odpovídají roli NašeVitamíny.cz.,2,False
prd_954850c9e312,Maxi Vita Herbal HerbaVOX - med a citron,Maxi Vita,42240006,8595011119206,Vitaminy a minerály,Neurčeno,74.9,True,True,False,https://www.vitar.cz/maxivita-herbavox-med-a-citron/,https://www.nasevitaminy.cz/maxi-vita-herbavox-med-a-citron,,nasevitaminy.cz,Retailová klasika a cenově dostupné řady odpovídají roli NašeVitamíny.cz.,2,False
prd_f9997b135971,Maxi Vita Herbal Hlíva ústřičná,Maxi Vita,42300023,8595011133264,Imunita,Kapsle,108.9,True,True,False,https://www.vitar.cz/maxivita-herbal-hliva-ustricna/,https://www.nasevitaminy.cz/maxi-vita-herbal-hliva-ustricna,,nasevitaminy.cz,Retailová klasika a cenově dostupné řady odpovídají roli NašeVitamíny.cz.,2,False
prd_c83e199d8be2,Maxi Vita Herbal Horký nápoj Brusinka,Maxi Vita,43300101,8595011124040,Hydratace a nápoje,Prášek,77.9,True,True,False,https://www.vitar.cz/maxivita-herbal-horky-napoj-brusinka/,https://www.nasevitaminy.cz/maxi-vita-herbal-horky-napoj-brusinka,,nasevitaminy.cz,Retailová klasika a cenově dostupné řady odpovídají roli NašeVitamíny.cz.,2,False
prd_d850f2e27bbf,Maxi Vita Herbal Horký nápoj Echinacea,Maxi Vita,43300103,8595011124569,Imunita,Prášek,77.9,True,True,False,https://www.vitar.cz/maxivita-herbal-horky-napoj-echinacea/,https://www.nasevitaminy.cz/maxi-vita-herbal-horky-napoj-echinacea,,nasevitaminy.cz,Retailová klasika a cenově dostupné řady odpovídají roli NašeVitamíny.cz.,2,False
prd_013a890ba55c,Maxi Vita Herbal Horký nápoj Zázvor,Maxi Vita,43300102,8595011124071,Imunita,Prášek,77.9,True,True,False,https://www.vitar.cz/maxivita-herbal-horky-napoj-zazvor/,https://www.nasevitaminy.cz/maxi-vita-herbal-horky-napoj-zazvor,,nasevitaminy.cz,Retailová klasika a cenově dostupné řady odpovídají roli NašeVitamíny.cz.,2,False
prd_71e7da544161,Maxi Vita Herbal Klidná střeva,Maxi Vita,43200310,8595011143270,Trávení a probiotika,Prášek,87.9,True,True,False,https://www.vitar.cz/maxivita-herbal-klidna-streva/,https://www.nasevitaminy.cz/maxi-vita-herbal-klidna-streva,,nasevitaminy.cz,Retailová klasika a cenově dostupné řady odpovídají roli NašeVitamíny.cz.,2,False
prd_089e228a2a28,Maxi Vita Herbal Kurkuma,Maxi Vita,42300083,8595011144659,Játra a detox,Tablety,135.9,True,True,False,https://www.vitar.cz/maxi-vita-herbal-kurkuma/,https://www.nasevitaminy.cz/maxi-vita-herbal-kurkuma,,nasevitaminy.cz,Retailová klasika a cenově dostupné řady odpovídají roli NašeVitamíny.cz.,2,False
prd_a61bdccd5abc,Maxi Vita Herbal Maxi brusinky,Maxi Vita,42300082,8595011118193,Močové cesty,Kapsle,103.9,True,True,False,https://www.vitar.cz/maxivita-herbal-maxi-brusinky/,https://www.nasevitaminy.cz/maxi-vita-herbal-maxi-brusinky,,nasevitaminy.cz,Retailová klasika a cenově dostupné řady odpovídají roli NašeVitamíny.cz.,2,False
prd_ff56e93f798a,Maxi Vita Herbal Očista jater,Maxi Vita,42300081,8595011118223,Játra a detox,Tablety,103.9,True,True,False,https://www.vitar.cz/maxivita-herbal-ocista-jater/,https://www.nasevitaminy.cz/maxi-vita-herbal-ocista-jater,,nasevitaminy.cz,Retailová klasika a cenově dostupné řady odpovídají roli NašeVitamíny.cz.,2,False
prd_7946cd68b667,Maxi Vita Herbal Vitamin C + rakytník,Maxi Vita,42300087,8595011121278,Imunita,Kapsle,71.9,True,True,False,https://www.vitar.cz/maxivita-herbal-vitamin-c-rakytnik/,https://www.nasevitaminy.cz/maxi-vita-herbal-vitamin-c-rakytnik,,nasevitaminy.cz,Retailová klasika a cenově dostupné řady odpovídají roli NašeVitamíny.cz.,2,False
prd_deacf8f05148,Maxi Vita Hořčík + B6,Maxi Vita,42300013,8595011114799,Hořčík,Tablety,59.9,True,True,False,https://www.vitar.cz/maxivita-horcik-b6-1810/,https://www.nasevitaminy.cz/maxi-vita-horcik-b6-2,,nasevitaminy.cz,Retailová klasika a cenově dostupné řady odpovídají roli NašeVitamíny.cz.,2,False
prd_e1b32fe34214,"Maxi Vita Hořčík + vitaminy B6, B12 a biotin",Maxi Vita,41300069,8595011147711,Hořčík,Šumivé tablety,44.9,True,True,False,https://www.vitar.cz/maxivita-horcik-b6/,https://www.nasevitaminy.cz/maxi-vita-magnesium-20-eff-tbl,,nasevitaminy.cz,Retailová klasika a cenově dostupné řady odpovídají roli NašeVitamíny.cz.,2,False
prd_12c7dd4fef4c,Maxi Vita Kids Betaglukan multivitamin,Maxi Vita,44000005,8595011148909,Děti,Tablety,159.9,True,True,False,https://www.vitar.cz/maxi-vita-kids-betaglukan-multivitamin/,https://www.nasevitaminy.cz/maxi-vita-kids-betaglukan-d3,,nasevitaminy.cz,Retailová klasika a cenově dostupné řady odpovídají roli NašeVitamíny.cz.,2,False
prd_b7251c610928,Maxi Vita Kids Multivitamin,Maxi Vita,41300072,8595011147773,Vitaminy a minerály,Šumivé tablety,44.9,True,True,False,https://www.vitar.cz/maxivita-kids-multivitamin/,https://www.nasevitaminy.cz/maxi-vita-multivit-kids-bob-a-bobek-20-eff-tbl,,nasevitaminy.cz,Retailová klasika a cenově dostupné řady odpovídají roli NašeVitamíny.cz.,2,False
prd_22578ff27e79,Maxi Vita Kids Multivitamin + kolostrum,Maxi Vita,44000006,8595011125856,Děti,Tablety,108.9,True,True,False,https://www.vitar.cz/maxivita-kids-multivitamin-kolostrum/,https://www.nasevitaminy.cz/maxi-vita-kids-multivitamin-kolostrum,,nasevitaminy.cz,Retailová klasika a cenově dostupné řady odpovídají roli NašeVitamíny.cz.,2,False
prd_f0d8d65cf1c2,Maxi Vita Kids Multivitamin želé,Maxi Vita,44000004,8595011121230,Vitaminy a minerály,Želé / gummies,112.9,True,True,False,https://www.vitar.cz/maxivita-kids-multivitamin-zele/,https://www.nasevitaminy.cz/maxi-vita-kids-multivitamin-zele,,nasevitaminy.cz,Retailová klasika a cenově dostupné řady odpovídají roli NašeVitamíny.cz.,2,False
prd_c280b4746888,Maxi Vita Kids Omega 3 + vitaminy D a E,Maxi Vita,42300019,8595011124903,Děti,Kapsle,141.9,True,True,False,https://www.vitar.cz/maxivita-kids-omega-3-vitaminy-d-a-e/,https://www.nasevitaminy.cz/maxi-vita-kids-omega-3-vitaminy-d-a-e,,nasevitaminy.cz,Retailová klasika a cenově dostupné řady odpovídají roli NašeVitamíny.cz.,2,False
prd_452152491678,Maxi Vita Kids Probiotika,Maxi Vita,44000002,8595011147247,Děti,Prášek,116.9,True,True,False,https://www.vitar.cz/maxi-vita-kids-probiotika/,https://www.nasevitaminy.cz/maxi-vita-kids-probiotika-16-stick,,nasevitaminy.cz,Retailová klasika a cenově dostupné řady odpovídají roli NašeVitamíny.cz.,2,False
prd_7289905abbe0,Maxi Vita Koenzym Q10 30 mg + vitamin C,Maxi Vita,42300014,8595011118568,Srdce a oběh,Tablety,152.9,True,True,False,https://www.vitar.cz/maxivita-koenzym-q10-30-mg-vitamin-c/,https://www.nasevitaminy.cz/maxi-vita-koenzym-q10-30-mg-vitamin-c,,nasevitaminy.cz,Retailová klasika a cenově dostupné řady odpovídají roli NašeVitamíny.cz.,2,False
prd_4720b9d7d82d,Maxi Vita Magnézium 400 mg + B komplex + vitamin C,Maxi Vita,43200307,8595011143157,Hořčík,Prášek,77.9,True,True,False,https://www.vitar.cz/maxivita-magnezium-400-mg-b-komplex-vitamin-c/,https://www.nasevitaminy.cz/maxi-vita-magnezium-400-mg-b-komplex-vitamin-c,,nasevitaminy.cz,Retailová klasika a cenově dostupné řady odpovídají roli NašeVitamíny.cz.,2,False
prd_592612d7f9c4,Maxi Vita Multivitamin + rakytník,Maxi Vita,41300068,8595011147698,Imunita,Šumivé tablety,44.9,True,True,False,https://www.vitar.cz/maxivita-multivitamin-rakytnik/,https://www.nasevitaminy.cz/maxi-vita-multi-rakytnik-20-eff-tbl,,nasevitaminy.cz,Retailová klasika a cenově dostupné řady odpovídají roli NašeVitamíny.cz.,2,False
prd_3f0002cde873,Maxi Vita Omega 3 - rybí olej,Maxi Vita,42300007,8595011109931,Srdce a oběh,Kapsle,73.9,True,True,False,https://www.vitar.cz/maxivita-omega-3-rybi-olej/,https://www.nasevitaminy.cz/maxi-vita-omega-3-rybi-olej,,nasevitaminy.cz,Retailová klasika a cenově dostupné řady odpovídají roli NašeVitamíny.cz.,2,False
prd_fb52d7baa7a2,"Maxi Vita Premium Ca+Mg+ vit. D3, C",Maxi Vita,41300109,8595011143577,Hořčík,Šumivé tablety,39.9,False,True,False,,https://www.nasevitaminy.cz/maxi-vita-premium-ca-mg-vit-d3-c-20-eff-tbl,,nasevitaminy.cz,Retailová klasika a cenově dostupné řady odpovídají roli NašeVitamíny.cz.,1,False
prd_7b75b7a7feb0,Maxi Vita Premium Kloubní výživa,Maxi Vita,42300053,8595011110449,Klouby a pohyb,Kapsle,119.9,True,True,False,https://www.vitar.cz/maxivita-premium-kloubni-vyziva/,https://www.nasevitaminy.cz/maxi-vita-premium-kloubni-vyziva,,nasevitaminy.cz,Retailová klasika a cenově dostupné řady odpovídají roli NašeVitamíny.cz.,2,False
prd_3da8c11e040f,Maxi Vita Premium Magnézium + aminokyseliny,Maxi Vita,43200312,8595011144826,Hořčík,Prášek,87.9,True,True,False,https://www.vitar.cz/maxi-vita-premium-magnezium-aminokyseliny/,https://www.nasevitaminy.cz/maxi-vita-premium-magnezium-aminokyseliny,,nasevitaminy.cz,Retailová klasika a cenově dostupné řady odpovídají roli NašeVitamíny.cz.,2,False
prd_7b392dce3b27,Maxi Vita Premium Magnézium+B6,Maxi Vita,41300110,8595011143591,Hořčík,Šumivé tablety,39.9,False,True,False,,https://www.nasevitaminy.cz/maxi-vita-premium-magnezium-b6-20-eff-tbl,,nasevitaminy.cz,Retailová klasika a cenově dostupné řady odpovídají roli NašeVitamíny.cz.,1,False
prd_3c3ab59bf57d,Maxi Vita Premium Multivitamin,Maxi Vita,41300107,8595011142983,Vitaminy a minerály,Šumivé tablety,39.9,False,True,False,,https://www.nasevitaminy.cz/maxi-vita-premium-multivitamin-20-eff,,nasevitaminy.cz,Retailová klasika a cenově dostupné řady odpovídají roli NašeVitamíny.cz.,1,False
prd_3b8c2d9d0e09,Maxi Vita Premium Podpora imunity,Maxi Vita,41300111,8595011143614,Hydratace a nápoje,Šumivé tablety,39.9,False,True,False,,https://www.nasevitaminy.cz/maxi-vita-premium-podpora-imunity-20-eff,,nasevitaminy.cz,Retailová klasika a cenově dostupné řady odpovídají roli NašeVitamíny.cz.,1,False
prd_9c66e85a3694,Maxi Vita Premium Probiotika s vlákninou a vitaminem C,Maxi Vita,42300024,8595011135787,Trávení a probiotika,Kapsle,141.9,True,True,False,https://www.vitar.cz/maxivita-premium-probiotika-s-vlakninou-a-vitaminem-c/,https://www.nasevitaminy.cz/maxi-vita-premium-probiotika-s-vlakninou-a-vitaminem-c,,nasevitaminy.cz,Retailová klasika a cenově dostupné řady odpovídají roli NašeVitamíny.cz.,2,False
prd_fe9c4a13a391,Maxi Vita Premium Probiotika + vitamin C,Maxi Vita,43200311,8595011144376,Trávení a probiotika,Prášek,116.9,True,True,False,https://www.vitar.cz/maxi-vita-premium-probiotika-vitamin-c/,https://www.nasevitaminy.cz/maxi-vita-premium-probiotika-vitamin-c,,nasevitaminy.cz,Retailová klasika a cenově dostupné řady odpovídají roli NašeVitamíny.cz.,2,False
prd_7a087f17740b,Maxi Vita Premium Super linie,Maxi Vita,42300052,8595011110470,Zrak,Tablety,103.9,True,True,False,https://www.vitar.cz/maxivita-premium-super-linie/,https://www.nasevitaminy.cz/maxi-vita-premium-super-linie,,nasevitaminy.cz,Retailová klasika a cenově dostupné řady odpovídají roli NašeVitamíny.cz.,2,False
prd_d1395b265c1e,Maxi Vita Premium Vitamin C+ šípek,Maxi Vita,41300106,8595011142969,Hydratace a nápoje,Šumivé tablety,39.9,False,True,False,,https://www.nasevitaminy.cz/maxi-vita-premium-vit-c-sipek-20-eff,,nasevitaminy.cz,Retailová klasika a cenově dostupné řady odpovídají roli NašeVitamíny.cz.,1,False
prd_14f99a9bad15,Maxi Vita Premium Zdravá pleť,Maxi Vita,42300063,8595011123623,Vitaminy a minerály,Kapsle,87.9,True,True,False,https://www.vitar.cz/maxivita-premium-zdrava-plet/,https://www.nasevitaminy.cz/maxi-vita-premium-zdrava-plet,,nasevitaminy.cz,Retailová klasika a cenově dostupné řady odpovídají roli NašeVitamíny.cz.,2,False
prd_9cc2ea6d462b,Maxi Vita Premium Zdravé oči,Maxi Vita,42300051,8595011109900,Zrak,Tablety,71.9,True,True,False,https://www.vitar.cz/maxivita-premium-zdrave-oci/,https://www.nasevitaminy.cz/maxi-vita-premium-zdrave-oci,,nasevitaminy.cz,Retailová klasika a cenově dostupné řady odpovídají roli NašeVitamíny.cz.,2,False
prd_cb41b843d8b1,"Maxi Vita Premium Zdravé vlasy, nehty a pokožka",Maxi Vita,42300011,8595011110500,"Krása, vlasy a pleť",Tablety,119.9,True,True,False,https://www.vitar.cz/maxivita-premium-zdrave-vlasy-nehty-a-pokozka/,https://www.nasevitaminy.cz/maxi-vita-premium-zdrave-vlasy-nehty-a-pokozka,,nasevitaminy.cz,Retailová klasika a cenově dostupné řady odpovídají roli NašeVitamíny.cz.,2,False
prd_00c101048a5e,Maxi Vita Selen + zinek + vitamin C a E,Maxi Vita,42300022,8595011133011,Vitaminy a minerály,Tablety,64.9,True,True,False,https://www.vitar.cz/maxivita-selen-zinek-vitamin-c-a-e/,https://www.nasevitaminy.cz/maxi-vita-selen-zinek-vitamin-c-a-e,,nasevitaminy.cz,Retailová klasika a cenově dostupné řady odpovídají roli NašeVitamíny.cz.,2,False
prd_8e2cd614b360,Maxi Vita Vápník-hořčík-zinek,Maxi Vita,42300004,8595011107517,Vitaminy a minerály,Tablety,71.9,True,True,False,https://www.vitar.cz/maxivita-vapnik-horcik-zinek/,https://www.nasevitaminy.cz/maxi-vita-vapnik-horcik-zinek,,nasevitaminy.cz,Retailová klasika a cenově dostupné řady odpovídají roli NašeVitamíny.cz.,2,False
prd_623f683aa587,Maxi Vita Vápník + vitaminy D3 a K1,Maxi Vita,41300070,8595011147735,Vitaminy a minerály,Šumivé tablety,44.9,True,True,False,https://www.vitar.cz/maxivita-vapnik-vitamin-d3-k1/,https://www.nasevitaminy.cz/maxi-vita-calcium-20-eff-tbl,,nasevitaminy.cz,Retailová klasika a cenově dostupné řady odpovídají roli NašeVitamíny.cz.,2,False
prd_937e51dbf8ba,Maxi Vita Vitamin B12 + B2,Maxi Vita,41300073,8595011147797,Srdce a oběh,Šumivé tablety,44.9,True,True,False,https://www.vitar.cz/maxi-vita-b12-b2/,https://www.nasevitaminy.cz/maxi-vita-b12-b2-20-eff-tbl,,nasevitaminy.cz,Retailová klasika a cenově dostupné řady odpovídají roli NašeVitamíny.cz.,2,False
prd_ed3159795802,Maxi Vita Vitamin C komplex + acerola + šípek + zinek,Maxi Vita,43200308,8595011143171,Vitaminy a minerály,Prášek,77.9,True,True,False,https://www.vitar.cz/maxivita-vitamin-c-komplex-acerola-sipek-zinek/,https://www.nasevitaminy.cz/maxi-vita-vitamin-c-komplex-acerola-sipek-zinek,,nasevitaminy.cz,Retailová klasika a cenově dostupné řady odpovídají roli NašeVitamíny.cz.,2,False
prd_5a7ffd1e58af,Maxi Vita Vitamin C + zinek,Maxi Vita,42300003,8595011107470,Vitaminy a minerály,Tablety,35.9,True,True,False,https://www.vitar.cz/maxivita-vitamin-c-zinek/,https://www.nasevitaminy.cz/maxi-vita-vitamin-c-zinek,,nasevitaminy.cz,Retailová klasika a cenově dostupné řady odpovídají roli NašeVitamíny.cz.,2,False
prd_45f433516380,Maxi Vita Vitamin C + zinek a šípek,Maxi Vita,41300067,8595011147674,Vitaminy a minerály,Šumivé tablety,44.9,True,True,False,https://www.vitar.cz/maxivita-vitamin-c-zinek-sipek/,https://www.nasevitaminy.cz/maxi-vita-vitamin-c-20-eff-tbl,,nasevitaminy.cz,Retailová klasika a cenově dostupné řady odpovídají roli NašeVitamíny.cz.,2,False
prd_53e4d1e0e132,Maxi Vita Vitamin D3 1000 IU,Maxi Vita,42300074,8595011134889,Zdraví žen,Tablety,76.9,True,True,False,https://www.vitar.cz/maxivita-vitamin-d3-1000-iu/,https://www.nasevitaminy.cz/maxi-vita-vitamin-d3-1000-iu,,nasevitaminy.cz,Retailová klasika a cenově dostupné řady odpovídají roli NašeVitamíny.cz.,2,False
prd_8f1e794d4816,Maxi Vita Vitamin D3 800 IU,Maxi Vita,42300094,8595011141436,Zdraví žen,Tablety,76.9,True,True,False,https://www.vitar.cz/maxivita-vitamin-d3-800-iu/,https://www.nasevitaminy.cz/maxi-vita-vitamin-d3-800-iu,,nasevitaminy.cz,Retailová klasika a cenově dostupné řady odpovídají roli NašeVitamíny.cz.,2,False
prd_02cc464ecfd8,Maxi Vita Železo + kyselina listová,Maxi Vita,42300015,8595011120004,Srdce a oběh,Želé / gummies,64.9,True,True,False,https://www.vitar.cz/maxivita-zelezo-kyselina-listova/,https://www.nasevitaminy.cz/maxi-vita-zelezo-kyselina-listova,,nasevitaminy.cz,Retailová klasika a cenově dostupné řady odpovídají roli NašeVitamíny.cz.,2,False
prd_0e9950ef1b45,Maxi Vita Železo + vitamin C a kyselina listová,Maxi Vita,41300071,8595011147759,Vitaminy a minerály,Šumivé tablety,44.9,True,True,False,https://www.vitar.cz/maxivita-zelezo-vitamin-c/,https://www.nasevitaminy.cz/maxi-vita-zelezo-20-eff-tbl,,nasevitaminy.cz,Retailová klasika a cenově dostupné řady odpovídají roli NašeVitamíny.cz.,2,False
prd_c98544c1fe93,Maxi Vita Zinek 15 mg,Maxi Vita,42300095,8595011141849,Imunita,Tablety,55.9,True,True,False,https://www.vitar.cz/maxivita-zinek-15-mg/,https://www.nasevitaminy.cz/maxi-vita-zinek-15-mg,,nasevitaminy.cz,Retailová klasika a cenově dostupné řady odpovídají roli NašeVitamíny.cz.,2,False
prd_61d63f3e8c04,Maxi Vita Essentials AlphaMale®,Maxi Vita Essentials,42300607,8595011149371,Energie a výkon,Kapsle,199,True,True,True,https://www.vitar.cz/maxi-vita-essentials-alphamale/,https://www.nasevitaminy.cz/maxi-vita-essentials-alphamale,https://www.ceske-vitaminy.cz/produkty/alphamale,"vitar.cz, nasevitaminy.cz",Prémiová nebo nová řada patří do hero nabídky VITAR.cz; druhý listing je k rozhodnutí.,3,False
prd_636e6cb58634,Maxi Vita Essentials Ashwagandha 30 kapslí,Maxi Vita Essentials,42300615,8595011149685,Spánek a stres,Kapsle,119,True,True,False,https://www.vitar.cz/maxi-vita-essentials-ashwagandha/,https://www.nasevitaminy.cz/maxi-vita-essentials-ashwagandha-30,,"vitar.cz, nasevitaminy.cz",Prémiová nebo nová řada patří do hero nabídky VITAR.cz; druhý listing je k rozhodnutí.,2,False
prd_08167d3e3548,Maxi Vita Essentials Ashwagandha 60 kapslí,Maxi Vita Essentials,42300616,8595011149814,Spánek a stres,Kapsle,249,True,True,False,https://www.vitar.cz/maxi-vita-essentials-ashwagandha-60-kapsli/,https://www.nasevitaminy.cz/maxi-vita-essentials-ashwagandha-60,,"vitar.cz, nasevitaminy.cz",Prémiová nebo nová řada patří do hero nabídky VITAR.cz; druhý listing je k rozhodnutí.,2,False
prd_05d4334b6740,"Maxi Vita Essentials Elektrolyty, 20 eff.tbl.",Maxi Vita Essentials,41300601,8595011149852,Nezařazeno,Tablety,0,False,True,False,,https://www.nasevitaminy.cz/maxi-vita-essentials-elektrolyty-20-eff-tbl,,"vitar.cz, nasevitaminy.cz",Prémiová nebo nová řada patří do hero nabídky VITAR.cz; druhý listing je k rozhodnutí.,1,False
prd_97229850b31e,Maxi Vita Essentials FemBalance®,Maxi Vita Essentials,42300603,8595011149296,Zdraví žen,Kapsle,249,True,True,True,https://www.vitar.cz/maxi-vita-essentials-fembalance/,https://www.nasevitaminy.cz/maxi-vita-essentials-fembalance,https://www.ceske-vitaminy.cz/produkty/fembalance,"vitar.cz, nasevitaminy.cz",Prémiová nebo nová řada patří do hero nabídky VITAR.cz; druhý listing je k rozhodnutí.,3,False
prd_13452933f59a,Maxi Vita Essentials Goddess,Maxi Vita Essentials,42300604,8595011149319,Zdraví žen,Kapsle,199,True,True,True,https://www.vitar.cz/maxi-vita-essentials-goddess/,https://www.nasevitaminy.cz/maxi-vita-essentials-goddess,https://www.ceske-vitaminy.cz/produkty/goddess,"vitar.cz, nasevitaminy.cz",Prémiová nebo nová řada patří do hero nabídky VITAR.cz; druhý listing je k rozhodnutí.,3,False
prd_fca9ef2f3b87,Maxi Vita Essentials Hormonální pohoda,Maxi Vita Essentials,42300610,8595011149586,Močové cesty,Kapsle,119,True,True,False,https://www.vitar.cz/maxi-vita-essentials-hormonalni-pohoda/,https://www.nasevitaminy.cz/maxi-vita-essentials-hormon-pohoda,,"vitar.cz, nasevitaminy.cz",Prémiová nebo nová řada patří do hero nabídky VITAR.cz; druhý listing je k rozhodnutí.,2,False
prd_50136e4c5171,Maxi Vita Essentials Klidný spánek,Maxi Vita Essentials,42300612,8595011149623,Spánek a stres,Kapsle,119,True,True,False,https://www.vitar.cz/maxi-vita-essentials-klidny-spanek/,https://www.nasevitaminy.cz/maxi-vita-essentials-klidny-spanek,,"vitar.cz, nasevitaminy.cz",Prémiová nebo nová řada patří do hero nabídky VITAR.cz; druhý listing je k rozhodnutí.,2,False
prd_eae45f1da286,Maxi Vita Essentials Kloubní výživa,Maxi Vita Essentials,42300613,8595011149647,Vitaminy a minerály,Kapsle,119,True,True,False,https://www.vitar.cz/maxi-vita-essentials-kloubni-vyziva/,https://www.nasevitaminy.cz/maxi-vita-essentials-kloubni-vyziva,,"vitar.cz, nasevitaminy.cz",Prémiová nebo nová řada patří do hero nabídky VITAR.cz; druhý listing je k rozhodnutí.,2,False
prd_e3baa486ba57,Maxi Vita Essentials Krásná pleť,Maxi Vita Essentials,42300611,8595011149609,Vitaminy a minerály,Kapsle,119,True,True,False,https://www.vitar.cz/maxi-vita-essentials-krasna-plet/,https://www.nasevitaminy.cz/maxi-vita-essentials-krasna-plet,,"vitar.cz, nasevitaminy.cz",Prémiová nebo nová řada patří do hero nabídky VITAR.cz; druhý listing je k rozhodnutí.,2,False
prd_788e97417292,Maxi Vita Essentials Magnesium Bisglycinate,Maxi Vita Essentials,42300601,8595011149258,Hořčík,Kapsle,249,True,True,True,https://www.vitar.cz/maxi-vita-essentials-magnesium-bisglycinate/,https://www.nasevitaminy.cz/maxi-vita-essentials-magnesium-bisglycinate,https://www.ceske-vitaminy.cz/produkty/magnesium-bisglycinate,"vitar.cz, nasevitaminy.cz",Prémiová nebo nová řada patří do hero nabídky VITAR.cz; druhý listing je k rozhodnutí.,3,False
prd_4f528ff7dd69,Maxi Vita Essentials Magnesium Malate,Maxi Vita Essentials,42300602,8595011149272,Energie a výkon,Kapsle,249,True,True,True,https://www.vitar.cz/maxi-vita-essentials-magnesium-malate/,https://www.nasevitaminy.cz/maxi-vita-essentials-magnesium-malate,https://www.ceske-vitaminy.cz/produkty/magnesium-malate,"vitar.cz, nasevitaminy.cz",Prémiová nebo nová řada patří do hero nabídky VITAR.cz; druhý listing je k rozhodnutí.,3,False
prd_1235a6830dd5,"Maxi Vita Essentials Magnézium, 20 stick",Maxi Vita Essentials,43200601,8595011149876,Hořčík,Stick pack,0,False,True,False,,https://www.nasevitaminy.cz/maxi-vita-essentials-magnezium-20-stick,,"vitar.cz, nasevitaminy.cz",Prémiová nebo nová řada patří do hero nabídky VITAR.cz; druhý listing je k rozhodnutí.,1,False
prd_8e7a2ca0ef25,Maxi Vita Essentials Motion+,Maxi Vita Essentials,42300606,8595011149357,Klouby a pohyb,Kapsle,299,True,True,True,https://www.vitar.cz/maxi-vita-essentials-motion/,https://www.nasevitaminy.cz/maxi-vita-essentials-motion,https://www.ceske-vitaminy.cz/produkty/motion-plus,"vitar.cz, nasevitaminy.cz",Prémiová nebo nová řada patří do hero nabídky VITAR.cz; druhý listing je k rozhodnutí.,3,False
prd_be5e0b4baaac,Maxi Vita Essentials Mužská vitalita,Maxi Vita Essentials,42300614,8595011149661,Zdraví mužů,Kapsle,119,True,True,False,https://www.vitar.cz/maxi-vita-essentials-muzska-vitalita/,https://www.nasevitaminy.cz/maxi-vita-essentials-muzska-vitalita,,"vitar.cz, nasevitaminy.cz",Prémiová nebo nová řada patří do hero nabídky VITAR.cz; druhý listing je k rozhodnutí.,2,False
prd_258518ff2a8c,Maxi Vita Essentials Ranní energie,Maxi Vita Essentials,42300609,8595011149562,Hořčík,Kapsle,99.9,True,True,False,https://www.vitar.cz/maxi-vita-essentials-ranni-energie/,https://www.nasevitaminy.cz/maxi-vita-essentials-ranni-energie,,"vitar.cz, nasevitaminy.cz",Prémiová nebo nová řada patří do hero nabídky VITAR.cz; druhý listing je k rozhodnutí.,2,False
prd_2473d1c3286e,Maxi Vita Essentials RegenSleep®,Maxi Vita Essentials,42300605,8595011149333,Spánek a stres,Kapsle,249,True,True,True,https://www.vitar.cz/maxi-vita-essentials-regensleep/,https://www.nasevitaminy.cz/maxi-vita-essentials-regensleep,https://www.ceske-vitaminy.cz/produkty/regensleep,"vitar.cz, nasevitaminy.cz",Prémiová nebo nová řada patří do hero nabídky VITAR.cz; druhý listing je k rozhodnutí.,3,False
prd_7a8e98c121d2,Maxi Vita Essentials Večerní pohoda,Maxi Vita Essentials,42300608,8595011149548,Spánek a stres,Kapsle,99.9,True,True,False,https://www.vitar.cz/maxi-vita-essentials-vecerni-pohoda/,https://www.nasevitaminy.cz/maxi-vita-essentials-vecerni-pohoda,,"vitar.cz, nasevitaminy.cz",Prémiová nebo nová řada patří do hero nabídky VITAR.cz; druhý listing je k rozhodnutí.,2,False
prd_9988ec6aaef7,OvoCé Nápoj v prášku - grep,OvoCé,43200102,8595011119916,Hydratace a nápoje,Prášek,10.9,True,True,False,https://www.vitar.cz/ovoce-napoj-v-prasku-grep/,https://www.nasevitaminy.cz/ovoce-napoj-v-prasku-grep,,review,Bez automatického rozhodnutí; zařadit v domácí úloze.,2,False
prd_4e554a164d90,OvoCé Nápoj v prášku - jahoda a malina,OvoCé,43200103,8595011119947,Hydratace a nápoje,Prášek,10.9,True,True,False,https://www.vitar.cz/ovoce-napoj-v-prasku-jahoda-a-malina/,https://www.nasevitaminy.cz/ovoce-napoj-v-prasku-jahoda-a-malina,,review,Bez automatického rozhodnutí; zařadit v domácí úloze.,2,False
prd_88115b2a0dd1,OvoCé Nápoj v prášku - pomeranč,OvoCé,43200100,8595011119886,Hydratace a nápoje,Prášek,10.9,True,True,False,https://www.vitar.cz/ovoce-napoj-v-prasku-pomeranc/,https://www.nasevitaminy.cz/ovoce-napoj-v-prasku-pomeranc,,review,Bez automatického rozhodnutí; zařadit v domácí úloze.,2,False
prd_e99da9f0ed05,Predator 16% - 150 ml,Predator,50100102,8595117102447,Repelenty a ochrana,Neurčeno,139.9,False,True,False,,https://www.nasevitaminy.cz/predator-16-150-ml-ret,,review,Portfolio je mimo hlavní health proposition; nutné obchodní rozhodnutí.,1,False
prd_099f02e06efc,Predator 16% - 300 ml XXL,Predator,50100103,8595117101716,Repelenty a ochrana,Neurčeno,209.9,False,True,False,,https://www.nasevitaminy.cz/predator-16-300-ml-xxl,,review,Portfolio je mimo hlavní health proposition; nutné obchodní rozhodnutí.,1,False
prd_91383912cf5e,Predator Gel po bodnutí hmyzem,Predator,50100206,0000085951181,Repelenty a ochrana,Kosmetika,38,True,True,False,https://www.vitar.cz/predator-gel-po-bodnuti-hmyzem/,https://www.nasevitaminy.cz/predator-gel-po-bodnuti-hmyzem,,review,Portfolio je mimo hlavní health proposition; nutné obchodní rozhodnutí.,2,False
prd_05818f6a1c2d,Predator IXO protector,Predator,50100502,8595117103000,Repelenty a ochrana,Sprej,149,True,True,False,https://www.vitar.cz/predator-ixo-protector/,https://www.nasevitaminy.cz/predator-ixo-protector,,review,Portfolio je mimo hlavní health proposition; nutné obchodní rozhodnutí.,2,False
prd_3176ed4b27cd,Predator Outdoor Impregnace Alfa sprej 400 ml,Predator,50100118,8595117103369,Repelenty a ochrana,Sprej,367,True,True,False,https://www.vitar.cz/predator-outdoor-impregnace-alfa-sprej-400-ml/,https://www.nasevitaminy.cz/predator-outdoor-impregnace-alfa-sprej-400-ml,,review,Portfolio je mimo hlavní health proposition; nutné obchodní rozhodnutí.,2,False
prd_96129a105b1c,Predator Parazit hřeben na vši,Predator,50100302,8595011120776,Repelenty a ochrana,Neurčeno,59,True,True,False,https://www.vitar.cz/predator-parazit-hreben-na-vsi/,https://www.nasevitaminy.cz/predator-parazit-hreben-na-vsi,,review,Portfolio je mimo hlavní health proposition; nutné obchodní rozhodnutí.,2,False
prd_7029ed9745c1,Predator Parazit retail šampon + sérum + hřeben,Predator,50100303,8595117102935,Repelenty a ochrana,Kosmetika,120,False,True,False,,https://www.nasevitaminy.cz/predator-parazit-retail-sampon-serum-hreben,,review,Portfolio je mimo hlavní health proposition; nutné obchodní rozhodnutí.,1,False
prd_f7d57ddf86fc,Predator Parazit Sérum,Predator,50100305,8595117103062,Repelenty a ochrana,Kosmetika,229,True,True,False,https://www.vitar.cz/predator-parazit-serum/,https://www.nasevitaminy.cz/predator-parazit-serum,,review,Portfolio je mimo hlavní health proposition; nutné obchodní rozhodnutí.,2,False
prd_9993cac4490b,Predator Parazit Sérum + šampon + hřeben,Predator,50100301,8595117102898,Repelenty a ochrana,Kosmetika,389,True,True,False,https://www.vitar.cz/predator-parazit-serum-sampon-hreben/,https://www.nasevitaminy.cz/predator-parazit-serum-sampon-hreben,,review,Portfolio je mimo hlavní health proposition; nutné obchodní rozhodnutí.,2,False
prd_990f1af63d5d,Predator Parazit sprej na vši,Predator,50100119,8595117103840,Repelenty a ochrana,Sprej,164,True,True,False,https://www.vitar.cz/predator-parazit-sprej-na-vsi/,https://www.nasevitaminy.cz/predator-parazit-sprej-na-vsi,,review,Portfolio je mimo hlavní health proposition; nutné obchodní rozhodnutí.,2,False
prd_19da7024ba5d,Predator Repelent,Predator,50100201,8595117100733,Repelenty a ochrana,Neurčeno,169,True,True,False,https://www.vitar.cz/predator-repelent/,https://www.nasevitaminy.cz/predator-repelent,,review,Portfolio je mimo hlavní health proposition; nutné obchodní rozhodnutí.,2,False
prd_e83cfd057e9c,Predator Repelent 3D - prostorový repelent,Predator,50100109,8595117102041,Repelenty a ochrana,Neurčeno,339,True,True,False,https://www.vitar.cz/predator-repelent-3d-prostorovy-repelent/,https://www.nasevitaminy.cz/predator-repelent-3d-prostorovy-repelent,,review,Portfolio je mimo hlavní health proposition; nutné obchodní rozhodnutí.,2,False
prd_89f168b68b45,Predator Repelent Bio,Predator,50100209,8595117103314,Repelenty a ochrana,Neurčeno,278,True,True,False,https://www.vitar.cz/predator-repelent-bio/,https://www.nasevitaminy.cz/predator-repelent-bio,,review,Portfolio je mimo hlavní health proposition; nutné obchodní rozhodnutí.,2,False
prd_d4066c631e18,Predator Repelent Forte 150 ml,Predator,50100202,8595117101709,Repelenty a ochrana,Neurčeno,179,True,True,False,https://www.vitar.cz/predator-repelent-forte/,https://www.nasevitaminy.cz/predator-repelent-forte,,review,Portfolio je mimo hlavní health proposition; nutné obchodní rozhodnutí.,2,False
prd_f5a071b72cf3,Predator Repelent Forte 90 ml,Predator,50100207,8595117103246,Repelenty a ochrana,Neurčeno,119,True,True,False,https://www.vitar.cz/predator-repelent-forte-90-ml/,https://www.nasevitaminy.cz/predator-repelent-forte-90-ml,,review,Portfolio je mimo hlavní health proposition; nutné obchodní rozhodnutí.,2,False
prd_5440766db093,Predator Repelent Forte XXL 300 ml,Predator,50100210,8595117103758,Repelenty a ochrana,Neurčeno,314,True,True,False,https://www.vitar.cz/predator-repelent-forte-xxl-300-ml/,https://www.nasevitaminy.cz/predator-repelent-forte-xxl-300-ml,,review,Portfolio je mimo hlavní health proposition; nutné obchodní rozhodnutí.,2,False
prd_6c176ba9263d,Predator Repelent Junior,Predator,50100203,8595117101983,Repelenty a ochrana,Neurčeno,229,True,True,False,https://www.vitar.cz/predator-repelent-junior-1446/,https://www.nasevitaminy.cz/predator-repelent-junior,,review,Portfolio je mimo hlavní health proposition; nutné obchodní rozhodnutí.,2,False
prd_12a015465005,Predator Repelent Maxx plus,Predator,50100107,8595117102843,Repelenty a ochrana,Neurčeno,269,True,True,False,https://www.vitar.cz/predator-repelent-maxx-plus/,https://www.nasevitaminy.cz/predator-repelent-maxx-plus,,review,Portfolio je mimo hlavní health proposition; nutné obchodní rozhodnutí.,2,False
prd_1fb23e207ae5,Predator Repelent Maxx sprej 90 ml,Predator,50100117,8595117102829,Repelenty a ochrana,Sprej,299,True,True,False,https://www.vitar.cz/predator-repelent-maxx-90-ml/,https://www.nasevitaminy.cz/predator-repelent-maxx-90-ml,,review,Portfolio je mimo hlavní health proposition; nutné obchodní rozhodnutí.,2,False
prd_ee88e952c5bd,Predator Repelent Outdoor impregnace+,Predator,50100108,8595117102058,Repelenty a ochrana,Neurčeno,299,True,True,False,https://www.vitar.cz/predator-repelent-outdoor-impregnace/,https://www.nasevitaminy.cz/predator-repelent-outdoor-impregnace,,review,Portfolio je mimo hlavní health proposition; nutné obchodní rozhodnutí.,2,False
prd_d0996002a271,Predator Repelent Protector 90 ml,Predator,50100101,8595117103949,Repelenty a ochrana,Neurčeno,289,True,True,False,https://www.vitar.cz/predator-repelent-protector-90-ml/,https://www.nasevitaminy.cz/predator-repelent-protector-90-ml,,review,Portfolio je mimo hlavní health proposition; nutné obchodní rozhodnutí.,2,False
prd_dac82ab67337,Predator sprej 16% - 90 ml,Predator,50100112,8595117103123,Repelenty a ochrana,Sprej,109.9,False,True,False,,https://www.nasevitaminy.cz/predator-sprej-16-90-ml,,review,Portfolio je mimo hlavní health proposition; nutné obchodní rozhodnutí.,1,False
prd_f980f325b04d,Revital C vitamin 1000 mg,Revital,00000003,,Imunita,Šumivé tablety,109,True,False,False,https://www.vitar.cz/revital-c-vitamin-1000-mg/,,,nasevitaminy.cz,Retailová klasika a cenově dostupné řady odpovídají roli NašeVitamíny.cz.,1,False
prd_4985ce821cf0,Revital C vitamin 1000 mg - citron,Revital,41200020,8595011124460,Hydratace a nápoje,Šumivé tablety,109,False,True,False,,https://www.nasevitaminy.cz/revital-c-vitamin-1000-mg-citron,,nasevitaminy.cz,Retailová klasika a cenově dostupné řady odpovídají roli NašeVitamíny.cz.,1,False
prd_318defb8c6ad,Revital C vitamin 1000 mg - pomeranč,Revital,41200019,8595011124446,Hydratace a nápoje,Šumivé tablety,109,False,True,False,,https://www.nasevitaminy.cz/revital-c-vitamin-1000-mg-pomeranc,,nasevitaminy.cz,Retailová klasika a cenově dostupné řady odpovídají roli NašeVitamíny.cz.,1,False
prd_a8eddff2ec7d,Revital C vitamin 500 mg,Revital,00000002,,Imunita,Šumivé tablety,89,True,False,False,https://www.vitar.cz/revital-vitamin-c-500-mg/,,,nasevitaminy.cz,Retailová klasika a cenově dostupné řady odpovídají roli NašeVitamíny.cz.,1,False
prd_61df99d9bc44,Revital C vitamin 500 mg - jahoda,Revital,41200018,8595011124422,Hydratace a nápoje,Šumivé tablety,89,False,True,False,,https://www.nasevitaminy.cz/revital-c-vitamin-500-mg-lesni-jahoda,,nasevitaminy.cz,Retailová klasika a cenově dostupné řady odpovídají roli NašeVitamíny.cz.,1,False
prd_ec1ed3adff2b,Revital C vitamin 500 mg - pomeranč,Revital,41200017,8595011124408,Hydratace a nápoje,Šumivé tablety,89,False,True,False,,https://www.nasevitaminy.cz/revital-c-vitamin-500-mg-pomeranc,,nasevitaminy.cz,Retailová klasika a cenově dostupné řady odpovídají roli NašeVitamíny.cz.,1,False
prd_9b1f874afc77,Revital Ferrodyn,Revital,41200008,8595011104813,Vitaminy a minerály,Šumivé tablety,104,True,True,False,https://www.vitar.cz/revital-ferrodyn/,https://www.nasevitaminy.cz/revital-ferrodyn,,nasevitaminy.cz,Retailová klasika a cenově dostupné řady odpovídají roli NašeVitamíny.cz.,2,False
prd_8714a3e63d2a,Revital Hořčík + vitamin B6,Revital,00000006,,Hořčík,Šumivé tablety,141,True,False,False,https://www.vitar.cz/revital-horcik-vitamin-b6/,,,nasevitaminy.cz,Retailová klasika a cenově dostupné řady odpovídají roli NašeVitamíny.cz.,1,False
prd_8825192338a4,Revital Hořčík + vitamin B6 - černý rybíz,Revital,41200027,8595011126242,Hořčík,Neurčeno,141,False,True,False,,https://www.nasevitaminy.cz/revital-horcik-vitamin-b6-cerny-rybiz,,nasevitaminy.cz,Retailová klasika a cenově dostupné řady odpovídají roli NašeVitamíny.cz.,1,False
prd_b60bdcf78db5,Revital Hořčík + vitamin B6 - grep,Revital,41200005,8595011113280,Hořčík,Šumivé tablety,144,False,True,False,,https://www.nasevitaminy.cz/revital-horcik-vitamin-b6-grep,,nasevitaminy.cz,Retailová klasika a cenově dostupné řady odpovídají roli NašeVitamíny.cz.,1,False
prd_67ceea185e8a,Revital Multi,Revital,00000004,,Imunita,Šumivé tablety,104,True,False,False,https://www.vitar.cz/revital-multi/,,,nasevitaminy.cz,Retailová klasika a cenově dostupné řady odpovídají roli NašeVitamíny.cz.,1,False
prd_7bfd48972ace,Revital Multi forte,Revital,00000005,,Vitaminy a minerály,Šumivé tablety,144,True,False,False,https://www.vitar.cz/revital-multi-forte/,,,nasevitaminy.cz,Retailová klasika a cenově dostupné řady odpovídají roli NašeVitamíny.cz.,1,False
prd_e349934f15c7,Revital Multi forte - pomeranč,Revital,41200023,8595011124521,Vitaminy a minerály,Šumivé tablety,144,False,True,False,,https://www.nasevitaminy.cz/revital-multi-forte-pomeranc,,nasevitaminy.cz,Retailová klasika a cenově dostupné řady odpovídají roli NašeVitamíny.cz.,1,False
prd_f62acc7f0c2d,Revital Multi forte - tropické ovoce,Revital,41200024,8595011124545,Vitaminy a minerály,Šumivé tablety,144,False,True,False,,https://www.nasevitaminy.cz/revital-multi-forte-tropicke-ovoce,,nasevitaminy.cz,Retailová klasika a cenově dostupné řady odpovídají roli NašeVitamíny.cz.,1,False
prd_96c124ca975d,Revital Multi - malina,Revital,41200022,8595011124507,Hydratace a nápoje,Šumivé tablety,104,False,True,False,,https://www.nasevitaminy.cz/revital-multi-malina,,nasevitaminy.cz,Retailová klasika a cenově dostupné řady odpovídají roli NašeVitamíny.cz.,1,False
prd_c9ed3f4da4f4,Revital Multi - pomeranč,Revital,41200021,8595011124484,Hydratace a nápoje,Šumivé tablety,104,False,True,False,,https://www.nasevitaminy.cz/revital-multi-pomeranc,,nasevitaminy.cz,Retailová klasika a cenově dostupné řady odpovídají roli NašeVitamíny.cz.,1,False
prd_213767893c24,Revital Tripple pack 3 x 20 tablet,Revital,41200112,8595011146486,Vitaminy a minerály,Tablety,198,False,True,False,,https://www.nasevitaminy.cz/revital-tripple-pack-3-x-20-eff-3-prichute,,nasevitaminy.cz,Retailová klasika a cenově dostupné řady odpovídají roli NašeVitamíny.cz.,1,False
prd_e6f788090af0,"Revital Vápník + hořčík + vitaminy C, B6, D3, K1",Revital,41200003,8595011100129,Vitaminy a minerály,Šumivé tablety,104,True,True,False,https://www.vitar.cz/revital-vapnik-horcik-vitaminy-c-b6-d3-k1/,https://www.nasevitaminy.cz/revital-vapnik-horcik-vitaminy-c-b6-d3-k1,,nasevitaminy.cz,Retailová klasika a cenově dostupné řady odpovídají roli NašeVitamíny.cz.,2,False
prd_0be809a8d49d,Revital Botanicals Energie a vitalita,Revital Botanicals,41201101,8595011146547,Hydratace a nápoje,Šumivé tablety,124,True,True,False,https://www.vitar.cz/revital-botanicals-energie-a-vitalita/,https://www.nasevitaminy.cz/revital-botanicals-energia-a-vitalita-20eff,,"vitar.cz, nasevitaminy.cz",Prémiová nebo nová řada patří do hero nabídky VITAR.cz; druhý listing je k rozhodnutí.,2,False
prd_7f53f1fe13dc,Revital Botanicals Hořčík + B6,Revital Botanicals,41201107,8595011146981,Hořčík,Šumivé tablety,109,True,True,False,https://www.vitar.cz/revital-botanicals-horcik-b6/,https://www.nasevitaminy.cz/revital-botanicals-magnesium-20-eff,,"vitar.cz, nasevitaminy.cz",Prémiová nebo nová řada patří do hero nabídky VITAR.cz; druhý listing je k rozhodnutí.,2,False
prd_ebddb5a1b57d,Revital Botanicals Multivitamin + Minerály,Revital Botanicals,41201104,8595011146929,Vitaminy a minerály,Šumivé tablety,124,True,True,False,https://www.vitar.cz/revital-botanicals-multivitamin-mineraly/,https://www.nasevitaminy.cz/revital-botanicals-multivitamin-mineraly,,"vitar.cz, nasevitaminy.cz",Prémiová nebo nová řada patří do hero nabídky VITAR.cz; druhý listing je k rozhodnutí.,2,False
prd_5356b061910a,Revital Botanicals Multivitamin rakytník + červený pomeranč,Revital Botanicals,41201103,8595011146585,Imunita,Šumivé tablety,99,True,True,False,https://www.vitar.cz/revital-botanicals-multivitamin-rakytnik-cerveny-pomeranc/,https://www.nasevitaminy.cz/revital-botanicals-multivitamin-20-eff-tbl,,"vitar.cz, nasevitaminy.cz",Prémiová nebo nová řada patří do hero nabídky VITAR.cz; druhý listing je k rozhodnutí.,2,False
prd_b58792f600d4,Revital Botanicals Spánek a uklidnění,Revital Botanicals,41201102,8595011146561,Spánek a stres,Šumivé tablety,124,True,True,False,https://www.vitar.cz/revital-botanicals-spanek-a-uklidneni/,https://www.nasevitaminy.cz/revital-botanicals-spanok-a-upokojenie20eff,,"vitar.cz, nasevitaminy.cz",Prémiová nebo nová řada patří do hero nabídky VITAR.cz; druhý listing je k rozhodnutí.,2,False
prd_6b2198dd1e7f,Revital Botanicals Vitamin C 1000 mg,Revital Botanicals,41201106,8595011146967,Hydratace a nápoje,Šumivé tablety,124,True,True,False,https://www.vitar.cz/revital-botanicals-vitamin-c-1000-mg/,https://www.nasevitaminy.cz/revital-botanicals-vit-c-1000-mg-20-eff,,"vitar.cz, nasevitaminy.cz",Prémiová nebo nová řada patří do hero nabídky VITAR.cz; druhý listing je k rozhodnutí.,2,False
prd_0017deac67ed,Revital Botanicals Vitamin C 500 mg,Revital Botanicals,41201105,8595011146943,Hydratace a nápoje,Šumivé tablety,104,True,True,False,https://www.vitar.cz/revital-botanicals-vitamin-c-500-mg/,https://www.nasevitaminy.cz/revital-botanicals-vitamin-c-500-mg-20-eff,,"vitar.cz, nasevitaminy.cz",Prémiová nebo nová řada patří do hero nabídky VITAR.cz; druhý listing je k rozhodnutí.,2,False
prd_b3ed38ff36f0,Revitalon Forte (30 kapslí),Revitalon,42200080,8595011128598,Vitaminy a minerály,Kapsle,229,True,True,False,https://www.vitar.cz/revitalon-forte/,https://www.nasevitaminy.cz/revitalon-forte,,review,Bez automatického rozhodnutí; zařadit v domácí úloze.,2,False
prd_7275fadf355d,Revitalon Forte - výhodné balení (90 + 30 kapslí ZDARMA),Revitalon,42200082,8595011128628,"Krása, vlasy a pleť",Kapsle,629,True,True,False,https://www.vitar.cz/revitalon-forte-vyhodne-baleni-90-30-kapsli-zdarma/,https://www.nasevitaminy.cz/revitalon-forte-vyhodne-baleni-90-30-kapsli-zdarma,,review,Bez automatického rozhodnutí; zařadit v domácí úloze.,2,False
prd_2adb8ead0cf0,Revitalon Kofeinový šampon,Revitalon,49000001,8595011136623,"Krása, vlasy a pleť",Kosmetika,179,True,True,False,https://www.vitar.cz/revitalon-kofeinovy-sampon/,https://www.nasevitaminy.cz/revitalon-kofeinovy-sampon,,review,Bez automatického rozhodnutí; zařadit v domácí úloze.,2,False
prd_358af5111604,Revitalon Mořský kolagen drink 4000 mg,Revitalon,43200501,8595011145007,"Krása, vlasy a pleť",Prášek,729,True,True,False,https://www.vitar.cz/revitalon-morsky-kolagen-drink-4-000-mg/,https://www.nasevitaminy.cz/revitalon-morsky-kolagen-drink-4-000-mg,,review,Bez automatického rozhodnutí; zařadit v domácí úloze.,2,False
prd_9e1564e89ebe,Revitalon Vlasové sérum,Revitalon,49000003,8595011141733,"Krása, vlasy a pleť",Kosmetika,269,True,True,False,https://www.vitar.cz/revitalon-vlasove-serum/,https://www.nasevitaminy.cz/revitalon-vlasove-serum,,review,Bez automatického rozhodnutí; zařadit v domácí úloze.,2,False
prd_ca5f780ecb9f,Aminokyseliny,Vitar,EN92730,,Nezařazeno,Neurčeno,489,True,False,False,https://www.vitar.cz/aminokyseliny-enervit/,,,review,Bez automatického rozhodnutí; zařadit v domácí úloze.,1,False
prd_2a7a97447446,Energetické gely,Vitar,EN1020,,Nezařazeno,Kosmetika,54,True,False,False,https://www.vitar.cz/energeticke-gely/,,,review,Bez automatického rozhodnutí; zařadit v domácí úloze.,1,False
prd_ab1dea7cdde6,Energetické nápoje,Vitar,EN96540,,Hydratace a nápoje,Nápoj,489,True,False,False,https://www.vitar.cz/energeticke-napoje/,,,review,Bez automatického rozhodnutí; zařadit v domácí úloze.,1,False
prd_877678bae803,Energetické tablety,Vitar,EN1018,,Vitaminy a minerály,Tablety,215,True,False,False,https://www.vitar.cz/energeticke-tablety/,,,review,Bez automatického rozhodnutí; zařadit v domácí úloze.,1,False
prd_1c53685caf55,Energetické tyčinky,Vitar,EN1128,,Nezařazeno,Neurčeno,48,True,False,False,https://www.vitar.cz/energeticke-tycinky/,,,review,Bez automatického rozhodnutí; zařadit v domácí úloze.,1,False
prd_e54ebc9e5e0d,Hořčík - bez cukru,Vitar,41300008,8595011119251,Hořčík,Šumivé tablety,32.9,True,True,False,https://www.vitar.cz/horcik-bez-cukru/,https://www.nasevitaminy.cz/horcik-bez-cukru,,review,Bez automatického rozhodnutí; zařadit v domácí úloze.,2,False
prd_2678f40f89aa,Iontový nápoj,Vitar,EN1017,,Hydratace a nápoje,Nápoj,339,True,False,False,https://www.vitar.cz/iontovy-napoj/,,,review,Bez automatického rozhodnutí; zařadit v domácí úloze.,1,False
prd_5965c4c73d9a,Kompresní bandáže,Vitar,RB007,,Nezařazeno,Neurčeno,610,True,False,False,https://www.vitar.cz/kompresni-bandaze/,,,review,Bez automatického rozhodnutí; zařadit v domácí úloze.,1,False
prd_ac5eeeb6d016,Kompresní kraťasy,Vitar,RB006,,Energie a výkon,Neurčeno,2480,True,False,False,https://www.vitar.cz/kompresni-kratasy/,,,review,Bez automatického rozhodnutí; zařadit v domácí úloze.,1,False
prd_46cd1c825507,Kompresní lýtkové návleky,Vitar,RB002,,Energie a výkon,Neurčeno,735,True,False,False,https://www.vitar.cz/kompresni-lytkove-navleky/,,,review,Bez automatického rozhodnutí; zařadit v domácí úloze.,1,False
prd_ab4994965828,Kompresní pažní návleky,Vitar,RB004,,Nezařazeno,Neurčeno,880,True,False,False,https://www.vitar.cz/kompresni-pazni-navleky/,,,review,Bez automatického rozhodnutí; zařadit v domácí úloze.,1,False
prd_5f840940ecd3,Kompresní podkolenky,Vitar,RB001,,Energie a výkon,Neurčeno,940,True,False,False,https://www.vitar.cz/kompresni-podkolenky/,,,review,Bez automatického rozhodnutí; zařadit v domácí úloze.,1,False
prd_b237daa9a231,Kompresní stehenní návleky,Vitar,RB005,,Nezařazeno,Neurčeno,1310,True,False,False,https://www.vitar.cz/kompresni-stehenni-navleky/,,,review,Bez automatického rozhodnutí; zařadit v domácí úloze.,1,False
prd_b9503f11ed3f,Multivitamin - bez cukru,Vitar,41300007,8595011104387,Vitaminy a minerály,Šumivé tablety,32.9,True,True,False,https://www.vitar.cz/multivitamin-bez-cukru/,https://www.nasevitaminy.cz/multivitamin-bez-cukru,,review,Bez automatického rozhodnutí; zařadit v domácí úloze.,2,False
prd_571ff8d07237,PRE Sport,Vitar,EN98534,,Energie a výkon,Neurčeno,56,True,False,False,https://www.vitar.cz/enervit-pre-sport/,,,review,Bez automatického rozhodnutí; zařadit v domácí úloze.,1,False
prd_a1a9a1b7ebc9,Proteinové nápoje,Vitar,EN92702,,Hydratace a nápoje,Nápoj,1365,True,False,False,https://www.vitar.cz/proteinove-napoje/,,,review,Bez automatického rozhodnutí; zařadit v domácí úloze.,1,False
prd_a85eda9dd9a5,Proteinové tyčinky,Vitar,EN97900,,Energie a výkon,Neurčeno,58,True,False,False,https://www.vitar.cz/proteinove-tycinky-enervit/,,,review,Bez automatického rozhodnutí; zařadit v domácí úloze.,1,False
prd_92a8cbfde774,Regenerační nápoje,Vitar,EN1130,,Hydratace a nápoje,Nápoj,339,True,False,False,https://www.vitar.cz/regeneracni-napoje/,,,review,Bez automatického rozhodnutí; zařadit v domácí úloze.,1,False
prd_e8b3abab2995,Sportovní ponožky,Vitar,RB003,,Nezařazeno,Neurčeno,450,True,False,False,https://www.vitar.cz/sportovni-ponozky/,,,review,Bez automatického rozhodnutí; zařadit v domácí úloze.,1,False
prd_7ac6651740c2,Vápník + hořčík + vitamin C - bez cukru,Vitar,41300003,8595011104417,Vitaminy a minerály,Šumivé tablety,32.9,True,True,False,https://www.vitar.cz/vapnik-horcik-vitamin-c-bez-cukru/,https://www.nasevitaminy.cz/vapnik-horcik-vitamin-c-bez-cukru,,review,Bez automatického rozhodnutí; zařadit v domácí úloze.,2,False
prd_a58e8de643e3,Vápník + hořčík + vitamin C - bez cukru - šumivé tablety,Vitar,41300010,8595011110654,Vitaminy a minerály,Šumivé tablety,99.9,False,True,False,,https://www.nasevitaminy.cz/mix-6-sumivych-vitaminu-bez-cukru,,review,Bez automatického rozhodnutí; zařadit v domácí úloze.,1,False
prd_432c23568700,Vitamin B12 - bez cukru,Vitar,41300004,8595011146462,Hydratace a nápoje,Šumivé tablety,32.9,True,True,False,https://www.vitar.cz/vitamin-b12-bez-cukru/,https://www.nasevitaminy.cz/vitamin-b12-bez-cukru-20-4-eff-tbl,,review,Bez automatického rozhodnutí; zařadit v domácí úloze.,2,False
prd_3acf063672a6,Vitamin C - bez cukru,Vitar,41300006,8595011104356,Hydratace a nápoje,Šumivé tablety,32.9,True,True,False,https://www.vitar.cz/vitamin-c-bez-cukru/,https://www.nasevitaminy.cz/vitamin-c-bez-cukru,,review,Bez automatického rozhodnutí; zařadit v domácí úloze.,2,False
prd_6dc2a8015531,Vitar Betaglukan,Vitar,43200411,8595011146622,Imunita,Stick pack,149,True,True,False,https://www.vitar.cz/vitar-betaglukan/,https://www.nasevitaminy.cz/vitar-betaglukan-150-mg,,review,Bez automatického rozhodnutí; zařadit v domácí úloze.,2,False
prd_6bc2eb159906,Vitar Ginkgo Biloba Forte,Vitar,42200076,8595011125344,Hořčík,Kapsle,195,True,True,False,https://www.vitar.cz/vitar-ginkgo-biloba-forte/,https://www.nasevitaminy.cz/vitar-ginkgo-biloba-forte,,review,Bez automatického rozhodnutí; zařadit v domácí úloze.,2,False
prd_fcfd4453ceca,Vitar Hořčík 375 mg,Vitar,00000023,,Hořčík,Šumivé tablety,87,True,False,False,https://www.vitar.cz/vitar-horcik-375-mg-1415/,,,review,Bez automatického rozhodnutí; zařadit v domácí úloze.,1,False
prd_1bf1f7bbc20b,Vitar Hořčík 375 mg - ananas,Vitar,41221102,8595011133073,Hořčík,Šumivé tablety,69.6,False,True,False,,https://www.nasevitaminy.cz/vitar-horcik-375-mg-ananas,,review,Bez automatického rozhodnutí; zařadit v domácí úloze.,1,False
prd_54954dba684d,Vitar Hořčík 375 mg - mango,Vitar,41220107,8595011127270,Hořčík,Šumivé tablety,69.6,False,True,False,,https://www.nasevitaminy.cz/vitar-horcik-375-mg-mango,,review,Bez automatického rozhodnutí; zařadit v domácí úloze.,1,False
prd_e5a68b85653b,Vitar Kanadské brusinky AKUT 500 mg,Vitar,42201105,8595011135800,Močové cesty,Kapsle,110,True,True,False,https://www.vitar.cz/vitar-kanadske-brusinky-akut-500-mg/,https://www.nasevitaminy.cz/vitar-kanadske-brusinky-akut-500-mg,,review,Bez automatického rozhodnutí; zařadit v domácí úloze.,2,False
prd_6103a67d91fb,Vitar Klidný spánek,Vitar,43200409,8595011145595,Spánek a stres,Prášek,149,True,True,False,https://www.vitar.cz/vitar-klidny-spanek/,https://www.nasevitaminy.cz/vitar-klidny-spanek,,review,Bez automatického rozhodnutí; zařadit v domácí úloze.,2,False
prd_dc3160240380,Vitar Koenzym Q10 (100 mg) + vitamin E + selen + thiamin,Vitar,42300502,8595011140569,Srdce a oběh,Kapsle,467,True,True,False,https://www.vitar.cz/vitar-koenzym-q10-100-mg-vitamin-e-selen-thiamin/,https://www.nasevitaminy.cz/vitar-koenzym-q10-100-mg-vitamin-e-selen-thiamin,,review,Bez automatického rozhodnutí; zařadit v domácí úloze.,2,False
prd_8b1de7e069fe,Vitar Koenzym Q10 (60 mg) + vitamin E + selen + thiamin,Vitar,42300501,8595011140545,Srdce a oběh,Kapsle,369,True,True,False,https://www.vitar.cz/vitar-koenzym-q10-60-mg-vitamin-e-selen-thiamin/,https://www.nasevitaminy.cz/vitar-koenzym-q10-60-mg-vitamin-e-selen-thiamin,,review,Bez automatického rozhodnutí; zařadit v domácí úloze.,2,False
prd_f6273b0728fb,Vitar L-Tryptofan forte,Vitar,42200070,8595011123135,Hořčík,Kapsle,225,True,True,False,https://www.vitar.cz/vitar-l-tryptofan-forte/,https://www.nasevitaminy.cz/vitar-l-tryptofan-forte,,review,Bez automatického rozhodnutí; zařadit v domácí úloze.,2,False
prd_8b76b5a331bb,Vitar Magnézium 400 mg + vitamin B6 + vitamin C,Vitar,00000024,,Hořčík,Prášek,149,True,False,False,https://www.vitar.cz/vitar-magnezium-400-mg-vitamin-b6-vitamin-c-1784/,,,review,Bez automatického rozhodnutí; zařadit v domácí úloze.,1,False
prd_9115becaa384,Vitar Magnézium 400 mg + vitamin B6 + vitamin C - grep,Vitar,43200406,8595011136319,Hořčík,Neurčeno,119.2,False,True,False,,https://www.nasevitaminy.cz/vitar-magnezium-400-mg-vitamin-b6-vitamin-c-grep,,review,Bez automatického rozhodnutí; zařadit v domácí úloze.,1,False
prd_3b62a97a2dda,Vitar Magnézium 400 mg + vitamin B6 + vitamin C - mango,Vitar,43200403,8595011135114,Hořčík,Neurčeno,119.2,False,True,False,,https://www.nasevitaminy.cz/vitar-magnezium-400-mg-vitamin-b6-vitamin-c-mango,,review,Bez automatického rozhodnutí; zařadit v domácí úloze.,1,False
prd_002d3eb44325,Vitar Probiotika pomeranč,Vitar,43200407,8595011144512,Trávení a probiotika,Prášek,149,True,True,False,https://www.vitar.cz/vitar-probiotika-pomeranc/,https://www.nasevitaminy.cz/vitar-probiotika-pomeranc,,review,Bez automatického rozhodnutí; zařadit v domácí úloze.,2,False
prd_8c59c5c74bb8,Vitar Rehydratace Active + probiotika šumivé tablety,Vitar,41201001,8595011145915,Hydratace a nápoje,Šumivé tablety,119,True,True,False,https://www.vitar.cz/vitar-rehydratace-active-probiotika-sumive-tablety/,https://www.nasevitaminy.cz/vitar-rehydratace-active-probiotika-sumive-tablety,,review,Bez automatického rozhodnutí; zařadit v domácí úloze.,2,False
prd_2f6e4e441203,Vitar Rehydratace Active + probiotika sypká směs,Vitar,43601003,8595011144949,Hydratace a nápoje,Prášek,95,True,True,False,https://www.vitar.cz/vitar-rehydratace-active-probiotika-sypka-smes/,https://www.nasevitaminy.cz/vitar-rehydratace-active-probiotika-sypka-smes,,review,Bez automatického rozhodnutí; zařadit v domácí úloze.,2,False
prd_c9c7a6a02614,Vitar Soda (prášek),Vitar,43700002,8595011100099,Trávení a probiotika,Prášek,55,True,True,False,https://www.vitar.cz/vitar-soda-prasek/,https://www.nasevitaminy.cz/vitar-soda-prasek,,review,Bez automatického rozhodnutí; zařadit v domácí úloze.,2,False
prd_228447e1cc73,Vitar Soda (tablety),Vitar,43700001,8595011100068,Trávení a probiotika,Tablety,65,True,True,False,https://www.vitar.cz/vitar-soda-tablety/,https://www.nasevitaminy.cz/vitar-soda-tablety,,review,Bez automatického rozhodnutí; zařadit v domácí úloze.,2,False
prd_acd127271966,Vitar Super beta-karoten (120 tbl) s měsíčkem a sedmikráskou,Vitar,42200091,8595011131901,"Krása, vlasy a pleť",Tablety,199.2,False,True,False,,https://www.nasevitaminy.cz/vitar-super-beta-karoten-120-tbl-s-mesickem-a-sedmikraskou,,review,Bez automatického rozhodnutí; zařadit v domácí úloze.,1,False
prd_09b197d5704d,Vitar Super beta-karoten (60 tbl) s měsíčkem a sedmikráskou,Vitar,42200090,8595011131888,"Krása, vlasy a pleť",Tablety,103.2,False,True,False,,https://www.nasevitaminy.cz/vitar-super-beta-karoten-60-tbl-s-mesickem-a-sedmikraskou,,review,Bez automatického rozhodnutí; zařadit v domácí úloze.,1,False
prd_e1964bf6014a,Vitar Super beta-karoten s měsíčkem a sedmikráskou,Vitar,00000022,,"Krása, vlasy a pleť",Tablety,129,True,False,False,https://www.vitar.cz/vitar-super-beta-karoten-s-mesickem-a-sedmikraskou/,,,review,Bez automatického rozhodnutí; zařadit v domácí úloze.,1,False
prd_77a536d77548,Vitar Vápník + hořčík + zinek,Vitar,42200054,8595011119152,Vitaminy a minerály,Tablety,239,True,True,False,https://www.vitar.cz/vitar-vapnik-horcik-zinek/,https://www.nasevitaminy.cz/vitar-vapnik-horcik-zinek,,review,Bez automatického rozhodnutí; zařadit v domácí úloze.,2,False
prd_f97c1a06f65d,Vitar Vazelina - Aloe vera a bambucké máslo,Vitar,43400003,8595011117424,"Krása, vlasy a pleť",Kosmetika,87,True,True,False,https://www.vitar.cz/vitar-vazelina-aloe-vera-a-bambucke-maslo/,https://www.nasevitaminy.cz/vitar-vazelina-aloe-vera-a-bambucke-maslo,,review,Bez automatického rozhodnutí; zařadit v domácí úloze.,2,False
prd_70ebddd000bd,Vitar Vazelina - Extra jemná bílá,Vitar,00000010,,"Krása, vlasy a pleť",Kosmetika,79,True,False,False,https://www.vitar.cz/vitar-vazelina-extra-jemna-bila-1575/,,,review,Bez automatického rozhodnutí; zařadit v domácí úloze.,1,False
prd_6f2831380e11,Vitar Vazelina - Extra jemná bílá 110 g,Vitar,43400001,8595011105940,"Krása, vlasy a pleť",Kosmetika,79,False,True,False,,https://www.nasevitaminy.cz/vitar-vazelina-extra-jemna-bila-2,,review,Bez automatického rozhodnutí; zařadit v domácí úloze.,1,False
prd_b442a505b424,Vitar Vazelina - Extra jemná bílá 1kg,Vitar,43400006,8595011120080,"Krása, vlasy a pleť",Kosmetika,339,False,True,False,,https://www.nasevitaminy.cz/vitar-vazelina-extra-jemna-bila-1kg,,review,Bez automatického rozhodnutí; zařadit v domácí úloze.,1,False
prd_e3908369ac99,Vitar Vazelina - Extra jemná bílá 400g,Vitar,43400005,8595011120066,"Krása, vlasy a pleť",Kosmetika,179,False,True,False,,https://www.nasevitaminy.cz/vitar-vazelina-extra-jemna-bila-400g,,review,Bez automatického rozhodnutí; zařadit v domácí úloze.,1,False
prd_083a90b2e1fb,Vitar Vitamin C,Vitar,43700003,8595011100082,Imunita,Prášek,124,True,True,False,https://www.vitar.cz/vitar-vitamin-c/,https://www.nasevitaminy.cz/vitar-vitamin-c,,review,Bez automatického rozhodnutí; zařadit v domácí úloze.,2,False
prd_99f1424b481f,Vitar Vitamin C 1000 mg s rakytníkem,Vitar,42201003,8595011133400,Imunita,Tablety,329,True,True,False,https://www.vitar.cz/vitar-vitamin-c-1000-mg-s-rakytnikem/,https://www.nasevitaminy.cz/vitar-vitamin-c-1000-mg-s-rakytnikem,,review,Bez automatického rozhodnutí; zařadit v domácí úloze.,2,False
prd_21a392f488f7,Vitar Vitamin C 300 mg + rakytník + zinek,Vitar,43200404,8595011135701,Zdraví žen,Prášek,142,True,True,False,https://www.vitar.cz/vitar-vitamin-c-300-mg-rakytnik-zinek/,https://www.nasevitaminy.cz/vitar-vitamin-c-300-mg-rakytnik-zinek,,review,Bez automatického rozhodnutí; zařadit v domácí úloze.,2,False
prd_94f92361eb5e,Vitar Vitamin C 500 mg s rakytníkem,Vitar,42201106,8595011135831,Imunita,Kapsle,115,True,True,False,https://www.vitar.cz/vitar-vitamin-c-500-mg-s-rakytnikem/,https://www.nasevitaminy.cz/vitar-vitamin-c-500-mg-s-rakytnikem,,review,Bez automatického rozhodnutí; zařadit v domácí úloze.,2,False
prd_578c01f61eb3,Vitar Vitamin C + zinek,Vitar,42200000,8595011109498,Vitaminy a minerály,Tablety,64,True,True,False,https://www.vitar.cz/vitar-vitamin-c-zinek/,https://www.nasevitaminy.cz/vitar-vitamin-c-zinek,,review,Bez automatického rozhodnutí; zařadit v domácí úloze.,2,False
prd_e971c224542f,Vitar Vitamin C + zinek + echinacea a šípek,Vitar,42200063,8595011121575,Imunita,Tablety,96,True,True,False,https://www.vitar.cz/vitar-vitamin-c-zinek-echinacea-a-sipek/,https://www.nasevitaminy.cz/vitar-vitamin-c-zinek-echinacea-a-sipek,,review,Bez automatického rozhodnutí; zařadit v domácí úloze.,2,False
prd_978add548aa6,Vitar Vitamin D3 Forte 1000 IU,Vitar,42200097,8595011135657,Vitaminy a minerály,Tablety,109,True,True,False,https://www.vitar.cz/vitar-vitamin-d3-forte-1000-iu/,https://www.nasevitaminy.cz/vitar-vitamin-d3-forte-1000-iu,,review,Bez automatického rozhodnutí; zařadit v domácí úloze.,2,False
prd_29db53ca9131,Vitar Vitamin K2 + D3 Forte,Vitar,42200098,8595011145243,Vitaminy a minerály,Tablety,189,True,True,False,https://www.vitar.cz/vitar-vitamin-k2-d3-forte/,https://www.nasevitaminy.cz/vitar-vitamin-k2-d3-forte,,review,Bez automatického rozhodnutí; zařadit v domácí úloze.,2,False
prd_7ad386416648,Vitar Zinek 15 mg,Vitar,42300505,8595011141818,Imunita,Tablety,79,True,True,False,https://www.vitar.cz/vitar-zinek-15-mg/,https://www.nasevitaminy.cz/vitar-zinek-15-mg,,review,Bez automatického rozhodnutí; zařadit v domácí úloze.,2,False
prd_000ed9c8c2a2,Vitar Kids Betaglukan multivitamin,Vitar Kids,44000112,8595011148169,Imunita,Tablety,209,True,True,False,https://www.vitar.cz/vitar-kids-betaglukan-multivitamin/,https://www.nasevitaminy.cz/vitar-kids-betaglukany-d3-60-tbl-doza,,review,Bez automatického rozhodnutí; zařadit v domácí úloze.,2,False
prd_19a09de7c5d2,Vitar Kids Magnézium + B6,Vitar Kids,44000113,8595011149920,Děti,Tablety,169,True,True,False,https://www.vitar.cz/vitar-kids-magnezium-b6/,https://www.nasevitaminy.cz/vitar-kids-magnezium-b6-45-tbl-doza,,review,Bez automatického rozhodnutí; zařadit v domácí úloze.,2,False
prd_c171c1d62623,Vitar Kids Multi želé DUOPACK,Vitar Kids,44000105,8595011147056,Děti,Želé / gummies,215.2,False,True,False,,https://www.nasevitaminy.cz/vitar-kids-multi-zele-duopack-2-x-50-zele,,review,Bez automatického rozhodnutí; zařadit v domácí úloze.,1,False
prd_056f65c42d38,Vitar Kids Multi želé DUOPACK 2 x 40,Vitar Kids,44000114,8595011150049,Děti,Želé / gummies,239,True,True,False,https://www.vitar.cz/vitar-kids-multi-zele-duopack-2-x-40/,https://www.nasevitaminy.cz/vitar-kids-multi-zele-duopack-2-x-40-zele,,review,Bez automatického rozhodnutí; zařadit v domácí úloze.,2,False
prd_4a538ec0a731,Vitar Kids Multivitamin,Vitar Kids,44000115,8595011143102,Zdraví žen,Šumivé tablety,79,True,True,False,https://www.vitar.cz/vitar-kids-multivitamin/,https://www.nasevitaminy.cz/vitar-kids-multivitamin,,review,Bez automatického rozhodnutí; zařadit v domácí úloze.,2,False
prd_3f47151e52f9,Vitar Kids Multivitamin + kolostrum,Vitar Kids,44000107,8595011143089,Děti,Tablety,169,True,True,False,https://www.vitar.cz/vitar-kids-multivitamin-kolostrum/,https://www.nasevitaminy.cz/vitar-kids-multivitamin-kolostrum,,review,Bez automatického rozhodnutí; zařadit v domácí úloze.,2,False
prd_0ec7af9b675d,Vitar Kids Multivitamin + kolostrum DUOPACK,Vitar Kids,44000106,8595011147070,Děti,Tablety,215.2,False,True,False,,https://www.nasevitaminy.cz/vitar-kids-multi-kolostr-um-duopack-2-x-45-tbl,,review,Bez automatického rozhodnutí; zařadit v domácí úloze.,1,False
prd_041fbd09e20f,Vitar Kids Multivitamin želé,Vitar Kids,44000108,8595011143065,Vitaminy a minerály,Želé / gummies,169,True,True,False,https://www.vitar.cz/vitar-kids-multivitamin-zele/,https://www.nasevitaminy.cz/vitar-kids-multivitamin-zele,,review,Bez automatického rozhodnutí; zařadit v domácí úloze.,2,False
prd_1d5a67b7d19f,Vitar Kids Omega 3 + vitaminy D3 a E,Vitar Kids,44000101,8595011143041,Děti,Kapsle,329,True,True,False,https://www.vitar.cz/vitar-kids-omega-3-vitaminy-d3-a-e/,https://www.nasevitaminy.cz/vitar-kids-omega-3-vitaminy-d3-a-e,,review,Bez automatického rozhodnutí; zařadit v domácí úloze.,2,False
prd_5885edb5e5c6,Vitar Kids Probiotika,Vitar Kids,44000110,8595011147223,Děti,Prášek,159,True,True,False,https://www.vitar.cz/vitar-kids-probiotika/,https://www.nasevitaminy.cz/vitar-kids-probiotika-20-stick,,review,Bez automatického rozhodnutí; zařadit v domácí úloze.,2,False
prd_dd7190ddb167,Vitar Kings Lipomagne + B komplex,Vitar Kings,42201032,8595011148220,Hořčík,Kapsle,394,True,True,False,https://www.vitar.cz/vitar-kings-lipomagne-b-komplex/,https://www.nasevitaminy.cz/vitar-kings-lipomagne-b-komplex-60-cps-blistr,,review,"Rozhodnout mezi VITAR.cz a NašeVitamíny.cz podle pozice, ceny a cílové skupiny.",2,False
prd_095a2b3d1b6c,Vitar Kings Lipomagne + B komplex - stick pack,Vitar Kings,43201001,8595011148534,Hořčík,Stick pack,189,True,True,False,https://www.vitar.cz/vitar-kings-lipomagne-b-komplex-stick-pack/,https://www.nasevitaminy.cz/vitar-kings-lipomagne-b-komplex-20-stick,,review,"Rozhodnout mezi VITAR.cz a NašeVitamíny.cz podle pozice, ceny a cílové skupiny.",2,False
prd_f1ad139be4f6,Vitar ORIGIN B-komplex forte,Vitar Origin,42300403,8595011138153,Spánek a stres,Kapsle,99,True,True,False,https://www.vitar.cz/vitar-eko-b-komplex-forte/,https://www.nasevitaminy.cz/vitar-eko-b-komplex-forte,,"vitar.cz, nasevitaminy.cz",Prémiová nebo nová řada patří do hero nabídky VITAR.cz; druhý listing je k rozhodnutí.,2,False
prd_4b0df5603a41,Vitar ORIGIN Betakaroten,Vitar Origin,42300408,8595011141672,"Krása, vlasy a pleť",Kapsle,176,True,True,False,https://www.vitar.cz/vitar-eko-betakaroten/,https://www.nasevitaminy.cz/vitar-eko-betakaroten,,"vitar.cz, nasevitaminy.cz",Prémiová nebo nová řada patří do hero nabídky VITAR.cz; druhý listing je k rozhodnutí.,2,False
prd_24f3d50948b8,Vitar ORIGIN Detox silná dávka,Vitar Origin,42300405,8595011138214,Trávení a probiotika,Kapsle,194,True,True,False,https://www.vitar.cz/vitar-eko-detox-silna-davka/,https://www.nasevitaminy.cz/vitar-eko-detox-silna-davka,,"vitar.cz, nasevitaminy.cz",Prémiová nebo nová řada patří do hero nabídky VITAR.cz; druhý listing je k rozhodnutí.,2,False
prd_5a3bbc73e3a1,Vitar ORIGIN Hlíva ústřičná,Vitar Origin,42300413,8595011143294,Imunita,Kapsle,174,True,True,False,https://www.vitar.cz/vitar-eko-hliva-ustricna/,https://www.nasevitaminy.cz/vitar-eko-hliva-ustricna,,"vitar.cz, nasevitaminy.cz",Prémiová nebo nová řada patří do hero nabídky VITAR.cz; druhý listing je k rozhodnutí.,2,False
prd_b74113aac22f,Vitar ORIGIN Hořčík Aquamin Mg,Vitar Origin,42300401,8595011138016,Hořčík,Kapsle,165,True,True,False,https://www.vitar.cz/vitar-eko-horcik-aquamin-mg/,https://www.nasevitaminy.cz/vitar-eko-horcik-aquamin-mg,,"vitar.cz, nasevitaminy.cz",Prémiová nebo nová řada patří do hero nabídky VITAR.cz; druhý listing je k rozhodnutí.,2,False
prd_0a8f75594c98,Vitar ORIGIN Kolagen forte,Vitar Origin,42300400,8595011137989,"Krása, vlasy a pleť",Kapsle,194,True,True,False,https://www.vitar.cz/vitar-eko-kolagen-forte/,https://www.nasevitaminy.cz/vitar-eko-kolagen-forte,,"vitar.cz, nasevitaminy.cz",Prémiová nebo nová řada patří do hero nabídky VITAR.cz; druhý listing je k rozhodnutí.,2,False
prd_8f848ba62633,Vitar ORIGIN Kurkuma + ostropestřec mariánský,Vitar Origin,42300415,8595011143553,Játra a detox,Kapsle,262,True,True,False,https://www.vitar.cz/vitar-eko-kurkuma-ostropestrec-mariansky/,https://www.nasevitaminy.cz/vitar-eko-kurkuma-ostropestrec-mariansky,,"vitar.cz, nasevitaminy.cz",Prémiová nebo nová řada patří do hero nabídky VITAR.cz; druhý listing je k rozhodnutí.,2,False
prd_ac09f1d1790a,Vitar ORIGIN Probiotika forte,Vitar Origin,42300402,8595011138047,Trávení a probiotika,Kapsle,136,True,True,False,https://www.vitar.cz/vitar-eko-probiotika-forte/,https://www.nasevitaminy.cz/vitar-eko-probiotika-forte,,"vitar.cz, nasevitaminy.cz",Prémiová nebo nová řada patří do hero nabídky VITAR.cz; druhý listing je k rozhodnutí.,2,False
prd_de62e4e3c026,Vitar ORIGIN Vitamin C 500 mg,Vitar Origin,42300404,8595011138184,Imunita,Kapsle,184,True,True,False,https://www.vitar.cz/vitar-eko-vitamin-c-500-mg/,https://www.nasevitaminy.cz/vitar-eko-vitamin-c-500-mg,,"vitar.cz, nasevitaminy.cz",Prémiová nebo nová řada patří do hero nabídky VITAR.cz; druhý listing je k rozhodnutí.,2,False
prd_6f91bdc87334,Vitar ORIGIN Vitamin D3 1000 IU,Vitar Origin,42300409,8595011141658,Zdraví žen,Kapsle,194,True,True,False,https://www.vitar.cz/vitar-eko-vitamin-d3/,https://www.nasevitaminy.cz/vitar-eko-vitamin-d3-1000-iu,,"vitar.cz, nasevitaminy.cz",Prémiová nebo nová řada patří do hero nabídky VITAR.cz; druhý listing je k rozhodnutí.,2,False
prd_c0743fc04efa,Vitar ORIGINE Ginkgo biloba forte + zelený čaj,Vitar Origin,42300418,8595011140217,Nezařazeno,Želé / gummies,176,True,True,False,https://www.vitar.cz/vitar-eko-ginkgo-biloba/,https://www.nasevitaminy.cz/vitar-ginkgo-biloba-zel-caj-60-kapsli-eko,,"vitar.cz, nasevitaminy.cz",Prémiová nebo nová řada patří do hero nabídky VITAR.cz; druhý listing je k rozhodnutí.,2,True
prd_8181364fc404,Vitar Veterinae ArtiVit Forte prášek,Vitar Veterinae,"45000003, 45000004, 45000005",,Klouby a pohyb,Prášek,229,True,False,False,https://www.vitar.cz/vitar-veterinae-artivit-forte-prasek/,,,vitar_veterina,Veterinární portfolio je samostatná business unit a e-shop.,1,False
prd_8169d983c817,Vitar Veterinae Artivit Forte sypká směs /400g,Vitar Veterinae,50301004,8595011125481,Klouby a pohyb,Prášek,1099,False,True,False,,https://www.nasevitaminy.cz/vitar-veterinae-artivit-forte-sypka-smes-400g,,vitar_veterina,Veterinární portfolio je samostatná business unit a e-shop.,1,False
prd_50b9c4009ea1,Vitar Veterinae Artivit Forte sypká směs/600g,Vitar Veterinae,50301005,8595011125504,Klouby a pohyb,Prášek,1399,False,True,False,,https://www.nasevitaminy.cz/vitar-veterinae-artivit-forte-sypka-smes-600g,,vitar_veterina,Veterinární portfolio je samostatná business unit a e-shop.,1,False
prd_f7550e74432e,Vitar Veterinae Artivit Forte sypká směs / 70 g,Vitar Veterinae,50301003,8595011125467,Klouby a pohyb,Prášek,229,False,True,False,,https://www.nasevitaminy.cz/vitar-veterinae-artivit-forte-sypka-smes-70-g,,vitar_veterina,Veterinární portfolio je samostatná business unit a e-shop.,1,False
prd_c6e2631ec5a8,VITAR Veterinae ArtiVit Pegas Forte 7,Vitar Veterinae,50301016,8595011134643,Klouby a pohyb,Prášek,1299,False,True,False,,https://www.nasevitaminy.cz/vitar-veterinae-artivit-pegas-forte-7-700g,,vitar_veterina,Veterinární portfolio je samostatná business unit a e-shop.,1,False
prd_a6d0ebd07b10,Vitar Veterinae ArtiVit Pegas Forte 7,Vitar Veterinae,45000016,8595011134643,Klouby a pohyb,Prášek,1299,True,False,False,https://www.vitar.cz/vitar-veterinae-artivit-pegas-forte-7/,,,vitar_veterina,Veterinární portfolio je samostatná business unit a e-shop.,1,False
prd_7060b44bda64,Vitar Veterinae ArtiVit Pegas MSM,Vitar Veterinae,50301015,8595011132366,Klouby a pohyb,Neurčeno,829,False,True,False,,https://www.nasevitaminy.cz/vitar-veterinae-artivit-pegas-msm-smes-720g,,vitar_veterina,Veterinární portfolio je samostatná business unit a e-shop.,1,False
prd_b220d3175e57,Vitar Veterinae ArtiVit Pegas MSM,Vitar Veterinae,45000015,8595011132366,Klouby a pohyb,Prášek,829,True,False,False,https://www.vitar.cz/vitar-veterinae-artivit-pegas-msm/,,,vitar_veterina,Veterinární portfolio je samostatná business unit a e-shop.,1,False
prd_6db82df400e4,Vitar Veterinae ArtiVit sirup,Vitar Veterinae,00000016,,Klouby a pohyb,Sirup / elixír,599,True,False,False,https://www.vitar.cz/vitar-veterinae-artivit-sirup/,,,vitar_veterina,Veterinární portfolio je samostatná business unit a e-shop.,1,False
prd_5bbe4bced4b2,VITAR Veterinae Artivit sirup 1000 ml,Vitar Veterinae,50301012,8595011130584,Veterina,Sirup / elixír,999,False,True,False,,https://www.nasevitaminy.cz/vitar-veterinae-artivit-sirup-1000ml,,vitar_veterina,Veterinární portfolio je samostatná business unit a e-shop.,1,False
prd_8a9ad60536a0,VITAR Veterinae Artivit sirup 200 ml,Vitar Veterinae,50301001,8595011125429,Veterina,Sirup / elixír,329,False,True,False,,https://www.nasevitaminy.cz/vitar-veterinae-artivit-sirup-200-ml-2,,vitar_veterina,Veterinární portfolio je samostatná business unit a e-shop.,1,False
prd_6d58bd77e6fe,VITAR Veterinae Artivit sirup 500 ml,Vitar Veterinae,50301002,8595011125443,Veterina,Sirup / elixír,599,False,True,False,,https://www.nasevitaminy.cz/vitar-veterinae-artivit-sirup-500-ml-2,,vitar_veterina,Veterinární portfolio je samostatná business unit a e-shop.,1,False
prd_50e942afe726,VITAR Veterinae balíček Artivit sirup 200 ml + DentOn 50 g,Vitar Veterinae,50303001,8595011137309,Veterina,Sirup / elixír,329,False,True,False,,https://www.nasevitaminy.cz/balicek-artivit-sirup-200-denton-50,,vitar_veterina,Veterinární portfolio je samostatná business unit a e-shop.,1,False
prd_1e8bf7d0b721,VITAR Veterinae Balíček ArtiVit sirup 500 ml + cestovní miska ZDARMA,Vitar Veterinae,50303031,8595011146905,Veterina,Sirup / elixír,599,False,True,False,,https://www.nasevitaminy.cz/balicek-artivit-sir-500-ml-cestovni-miska-2,,vitar_veterina,Veterinární portfolio je samostatná business unit a e-shop.,1,False
prd_3d80c9eb80c0,VITAR Veterinae balíček Artivit sirup 500 ml + Lososový olej 200 ml,Vitar Veterinae,50303020,8595011144390,Veterina,Sirup / elixír,599,False,True,False,,https://www.nasevitaminy.cz/balicek-artivit-sirup500-ml-lososovy-olej-200-ml,,vitar_veterina,Veterinární portfolio je samostatná business unit a e-shop.,1,False
prd_50adb27efed0,VITAR Veterinae balíček Artivit sirup + DentOn + Lososový olej,Vitar Veterinae,50303021,8595011144406,Veterina,Sirup / elixír,999,False,True,False,,https://www.nasevitaminy.cz/balicek-artivit-sir-1000-ml-denton100g-losos-olej-2,,vitar_veterina,Veterinární portfolio je samostatná business unit a e-shop.,1,False
prd_55c21b19cbc1,Vitar Veterinae DentON,Vitar Veterinae,00000014,,Veterina,Prášek,239,True,False,False,https://www.vitar.cz/vitar-veterinae-denton/,,,vitar_veterina,Veterinární portfolio je samostatná business unit a e-shop.,1,False
prd_d9a111938244,VITAR Veterinae DentON sypká směs 100 g,Vitar Veterinae,50301014,8595011131864,Veterina,Prášek,369,False,True,False,,https://www.nasevitaminy.cz/vitar-veterinae-denton-sypka-smes-100g,,vitar_veterina,Veterinární portfolio je samostatná business unit a e-shop.,1,False
prd_64aff3629c7c,VITAR Veterinae DentON sypká směs 50 g,Vitar Veterinae,50301013,8595011131840,Veterina,Prášek,239,False,True,False,,https://www.nasevitaminy.cz/vitar-veterinae-denton-sypka-smes-50g,,vitar_veterina,Veterinární portfolio je samostatná business unit a e-shop.,1,False
prd_4e23f9e00af3,VITAR Veterinae GasterON SYMBIO,Vitar Veterinae,50301018,8595011144536,Veterina,Neurčeno,239.6,False,True,False,,https://www.nasevitaminy.cz/vitar-veterinae-gasteron-symbio-28-g-doza,,vitar_veterina,Veterinární portfolio je samostatná business unit a e-shop.,1,False
prd_a5f96f92f7a7,Vitar Veterinae GasterON Symbio,Vitar Veterinae,45000018,8595011144536,Veterina,Neurčeno,599,True,False,False,https://www.vitar.cz/vitar-veterinae-gasteron-symbio/,,,vitar_veterina,Veterinární portfolio je samostatná business unit a e-shop.,1,False
prd_b952d6c76c44,VITAR Veterinae Konopný olej,Vitar Veterinae,00000026,,Veterina,Neurčeno,199,True,False,False,https://www.vitar.cz/vitar-veterinae-konopny-olej/,,,vitar_veterina,Veterinární portfolio je samostatná business unit a e-shop.,1,False
prd_f2fc0ac6e757,VITAR Veterinae Konopný olej (1000 ml),Vitar Veterinae,50300009,8595011144116,Veterina,Neurčeno,279.6,False,True,False,,https://www.nasevitaminy.cz/vitar-veterinae-konopny-olej-1000-ml,,vitar_veterina,Veterinární portfolio je samostatná business unit a e-shop.,1,False
prd_7f56fa32e2d1,VITAR Veterinae Konopný olej (200 ml),Vitar Veterinae,50300007,8595011144079,Veterina,Neurčeno,99.6,False,True,False,,https://www.nasevitaminy.cz/vitar-veterinae-konopny-olej-200-ml,,vitar_veterina,Veterinární portfolio je samostatná business unit a e-shop.,1,False
prd_7893dfc32dab,VITAR Veterinae Konopný olej (500 ml),Vitar Veterinae,50300008,8595011144093,Veterina,Neurčeno,449,False,True,False,,https://www.nasevitaminy.cz/vitar-veterinae-konopny-olej-500-ml,,vitar_veterina,Veterinární portfolio je samostatná business unit a e-shop.,1,False
prd_432e40d74f51,VITAR Veterinae Lněný olej,Vitar Veterinae,00000028,,Srdce a oběh,Neurčeno,169,True,False,False,https://www.vitar.cz/vitar-veterinae-lneny-olej/,,,vitar_veterina,Veterinární portfolio je samostatná business unit a e-shop.,1,False
prd_4471b1fd89df,VITAR Veterinae Lněný olej (1000 ml),Vitar Veterinae,50300006,8595011144055,Veterina,Neurčeno,499,False,True,False,,https://www.nasevitaminy.cz/vitar-veterinae-lneny-olej-1000-ml,,vitar_veterina,Veterinární portfolio je samostatná business unit a e-shop.,1,False
prd_661d8baf598a,VITAR Veterinae Lněný olej (200 ml),Vitar Veterinae,50300004,8595011144017,Veterina,Neurčeno,79.6,False,True,False,,https://www.nasevitaminy.cz/vitar-veterinae-lneny-olej-200-ml,,vitar_veterina,Veterinární portfolio je samostatná business unit a e-shop.,1,False
prd_2edf02657569,VITAR Veterinae Lněný olej (500 ml),Vitar Veterinae,50300005,8595011144031,Veterina,Neurčeno,119.6,False,True,False,,https://www.nasevitaminy.cz/vitar-veterinae-lneny-olej-500-ml,,vitar_veterina,Veterinární portfolio je samostatná business unit a e-shop.,1,False
prd_2e1d5daa7224,VITAR Veterinae Lososový olej,Vitar Veterinae,00000025,,Veterina,Neurčeno,189,True,False,False,https://www.vitar.cz/vitar-veterinae-lososovy-olej/,,,vitar_veterina,Veterinární portfolio je samostatná business unit a e-shop.,1,False
prd_b62d5e83cdae,VITAR Veterinae Lososový olej (1000 ml),Vitar Veterinae,50300003,8595011143997,Veterina,Neurčeno,499,False,True,False,,https://www.nasevitaminy.cz/vitar-veterinae-lososovy-olej-1000-ml,,vitar_veterina,Veterinární portfolio je samostatná business unit a e-shop.,1,False
prd_0bf39a8716ac,VITAR Veterinae Lososový olej (200 ml),Vitar Veterinae,50300001,8595011143959,Veterina,Neurčeno,199,False,True,False,,https://www.nasevitaminy.cz/vitar-veterinae-lososovy-olej-200-ml,,vitar_veterina,Veterinární portfolio je samostatná business unit a e-shop.,1,False
prd_a6fe9abfd8c6,VITAR Veterinae Lososový olej (500 ml),Vitar Veterinae,50300002,8595011143973,Veterina,Neurčeno,299,False,True,False,,https://www.nasevitaminy.cz/vitar-veterinae-lososovy-olej-500-ml,,vitar_veterina,Veterinární portfolio je samostatná business unit a e-shop.,1,False
prd_b8b1db78c619,Vitar Veterinae Mineral Forte,Vitar Veterinae,00000013,,Veterina,Prášek,169,True,False,False,https://www.vitar.cz/vitar-veterinae-mineral-forte/,,,vitar_veterina,Veterinární portfolio je samostatná business unit a e-shop.,1,False
prd_571a468cc2f8,VITAR Veterinae Mineral Forte sypká směs 500 g,Vitar Veterinae,50301007,8595011125580,Veterina,Prášek,759,False,True,False,,https://www.nasevitaminy.cz/vitar-veterinae-mineral-forte-sypka-smes-500g,,vitar_veterina,Veterinární portfolio je samostatná business unit a e-shop.,1,False
prd_d6b84c3ac2f8,VITAR Veterinae Mineral Forte sypká směs 80 g,Vitar Veterinae,50301006,8595011125566,Veterina,Prášek,169,False,True,False,,https://www.nasevitaminy.cz/vitar-veterinae-mineral-forte-sypka-smes-80g,,vitar_veterina,Veterinární portfolio je samostatná business unit a e-shop.,1,False
prd_03bb96453efc,VITAR Veterinae Minerál Forte sypká směs 800 g,Vitar Veterinae,50301008,8595011125603,Veterina,Prášek,1239,False,True,False,,https://www.nasevitaminy.cz/vitar-veterinae-mineral-forte-sypka-smes-800g,,vitar_veterina,Veterinární portfolio je samostatná business unit a e-shop.,1,False
prd_97ae50af697e,VITAR Veterinae Multivit Forte želé,Vitar Veterinae,50301009,8595011125627,Veterina,Želé / gummies,179,False,True,False,,https://www.nasevitaminy.cz/vitar-veterinae-multivit-forte-zele-40ks,,vitar_veterina,Veterinární portfolio je samostatná business unit a e-shop.,1,False
prd_c587030c3284,Vitar Veterinae Multivitamin Forte,Vitar Veterinae,45000009,8595011125627,Vitaminy a minerály,Želé / gummies,179,True,False,False,https://www.vitar.cz/vitar-veterinae-multivitamin-forte/,,,vitar_veterina,Veterinární portfolio je samostatná business unit a e-shop.,1,False
prd_3aff9846e3a6,VITAR Veterinae Ostropestřec olej,Vitar Veterinae,00000027,,Vitaminy a minerály,Neurčeno,139,True,False,False,https://www.vitar.cz/vitar-veterinae-ostropestrec-olej/,,,vitar_veterina,Veterinární portfolio je samostatná business unit a e-shop.,1,False
prd_e0c8de7b70fb,VITAR Veterinae Ostropestřec olej (1000 ml),Vitar Veterinae,50300012,8595011144178,Veterina,Neurčeno,399,False,True,False,,https://www.nasevitaminy.cz/vitar-veterinae-ostropestrec-olej-1000-ml,,vitar_veterina,Veterinární portfolio je samostatná business unit a e-shop.,1,False
prd_6bceba4e51bb,VITAR Veterinae Ostropestřec olej (200 ml),Vitar Veterinae,50300010,8595011144130,Veterina,Neurčeno,149,False,True,False,,https://www.nasevitaminy.cz/vitar-veterinae-ostropestrec-olej-200-ml,,vitar_veterina,Veterinární portfolio je samostatná business unit a e-shop.,1,False
prd_e906f51f775c,VITAR Veterinae Ostropestřec olej (500 ml),Vitar Veterinae,50300011,8595011144154,Veterina,Neurčeno,249,False,True,False,,https://www.nasevitaminy.cz/vitar-veterinae-ostropestrec-olej-500-ml,,vitar_veterina,Veterinární portfolio je samostatná business unit a e-shop.,1,False
prd_dbfd5ec43c50,Vyprošťovák Active,Vyprošťovák,41200033,8595011133660,Trávení a probiotika,Šumivé tablety,59.9,True,True,False,https://www.vitar.cz/vyprostovak-active/,https://www.nasevitaminy.cz/vyprostovak-active,,review,Bez automatického rozhodnutí; zařadit v domácí úloze.,2,False
prd_6ee273c173e2,Vyprošťovák Forte,Vyprošťovák,43200015,8595011133509,Trávení a probiotika,Prášek,7.9,True,True,False,https://www.vitar.cz/vyprostovak-forte/,https://www.nasevitaminy.cz/vyprostovak-forte,,review,Bez automatického rozhodnutí; zařadit v domácí úloze.,2,False
prd_66cbb0864985,Vyprošťovák Restart,Vyprošťovák,41200010,8595011105421,Trávení a probiotika,Šumivé tablety,59.9,True,True,False,https://www.vitar.cz/vyprostovak-restart-1402/,https://www.nasevitaminy.cz/vyprostovak-restart,,review,Bez automatického rozhodnutí; zařadit v domácí úloze.,2,False
